"","gene","n","module_n","module_color"
"1","Aacs_rna21691",17,1,"turquoise"
"2","Aacs_rna21691_alt",4,1,"turquoise"
"3","AACSP1_containing",53,1,"turquoise"
"4","Aak1",4,9,"magenta"
"5","Aars",37,2,"blue"
"6","Aasdh",479,1,"turquoise"
"7","Aatk",3,15,"midnightblue"
"8","Abca1",10,2,"blue"
"9","Abca2",15,11,"greenyellow"
"10","ABCA3_like",9,3,"brown"
"11","Abcb10",14,1,"turquoise"
"12","Abcb9",3,5,"green"
"13","Abcc5",124,1,"turquoise"
"14","Abcd1",37,2,"blue"
"15","Abce1",9,1,"turquoise"
"16","Abcg1",49,1,"turquoise"
"17","Abhd11",3,3,"brown"
"18","Abhd16a",2,2,"blue"
"19","Abhd17b",24,1,"turquoise"
"20","Abhd2",81,2,"blue"
"21","Abhd3",19,4,"yellow"
"22","Abi3bp",2,7,"black"
"23","Acad10",34,2,"blue"
"24","Acad11",2,10,"purple"
"25","Acad9",55,2,"blue"
"26","Acadl",16,2,"blue"
"27","Acadvl",5,3,"brown"
"28","Acap3",19,2,"blue"
"29","Acbd3",16,1,"turquoise"
"30","Acbd5",269,1,"turquoise"
"31","ACE_like",4,6,"red"
"32","Acer2",3,1,"turquoise"
"33","Ache",6,4,"yellow"
"34","Acin1",3,1,"turquoise"
"35","Ackr3",164,1,"turquoise"
"36","Aco2",68,2,"blue"
"37","Acot7",7,8,"pink"
"38","Acp1",18,2,"blue"
"39","Acp6",5,3,"brown"
"40","Acsl4",3,19,"lightyellow"
"41","Acsl6",6,9,"magenta"
"42","Actb",215,2,"blue"
"43","Actn1",4,1,"turquoise"
"44","Actr1a",13,2,"blue"
"45","Adam15",68,3,"brown"
"46","Adam19",2,3,"brown"
"47","Adam22",4,3,"brown"
"48","Adamts10",2,3,"brown"
"49","Adamts4",7,11,"greenyellow"
"50","Adamts6",19,3,"brown"
"51","Adar",9,2,"blue"
"52","Adcy2",9,3,"brown"
"53","Add1",151,2,"blue"
"54","Adgra2",7,16,"lightcyan"
"55","Adgrb1",19,6,"red"
"56","Adgrl2",28,4,"yellow"
"57","Adgrl3",10,3,"brown"
"58","Adpgk",76,1,"turquoise"
"59","Adra2a",40,4,"yellow"
"60","Adsl",2,2,"blue"
"61","Adssl1",7,7,"black"
"62","Aebp1",3,16,"lightcyan"
"63","Afap1",268,1,"turquoise"
"64","Agap2",2,6,"red"
"65","Agfg2",108,1,"turquoise"
"66","AGO1_like",19,1,"turquoise"
"67","Ago2",210,1,"turquoise"
"68","Agpat1",3,8,"pink"
"69","Agpat3",11,2,"blue"
"70","Agrn",29,3,"brown"
"71","Ahi1",18,6,"red"
"72","Ahr",98,1,"turquoise"
"73","Ahsa1",3,12,"tan"
"74","Ahsa2",3,4,"yellow"
"75","Aif1l",5,6,"red"
"76","Aifm1",3,2,"blue"
"77","Aifm3",24,6,"red"
"78","Aig1",8,3,"brown"
"79","Aip",12,6,"red"
"80","AJM1_containing",26,4,"yellow"
"81","Ak2",418,1,"turquoise"
"82","Ak4",8,1,"turquoise"
"83","Akap10",24,1,"turquoise"
"84","Akap7",7,1,"turquoise"
"85","Akap8",4,3,"brown"
"86","Akap8l",4,2,"blue"
"87","Akap9",3,5,"green"
"88","Akirin1",18,1,"turquoise"
"89","Akirin2",4,1,"turquoise"
"90","Akr1a1",31,2,"blue"
"91","Akt1",5,2,"blue"
"92","Akt3",3,4,"yellow"
"93","Aldh1l1",69,4,"yellow"
"94","Aldh5a1",3,6,"red"
"95","Aldoa",7,8,"pink"
"96","Alg12",49,1,"turquoise"
"97","Alg2",278,1,"turquoise"
"98","Alg5",14,15,"midnightblue"
"99","Alg6",15,3,"brown"
"100","Alkbh5",5,5,"green"
"101","Alms1",4,1,"turquoise"
"102","Als2cl",183,2,"blue"
"103","Amd1",591,1,"turquoise"
"104","Amdhd2",24,5,"green"
"105","Amer3",46,1,"turquoise"
"106","Ammecr1",6,2,"blue"
"107","Ampd3",3,2,"blue"
"108","Anapc11",2,2,"blue"
"109","Ank1",7,4,"yellow"
"110","Ank2",3,3,"brown"
"111","ANKHD1_gene10482",4,1,"turquoise"
"112","Ankrd12",36,1,"turquoise"
"113","Ankrd13b",28,1,"turquoise"
"114","Ankrd17",16,1,"turquoise"
"115","Ankrd27",21,1,"turquoise"
"116","Ankrd40",65,4,"yellow"
"117","Ankrd44",29,14,"cyan"
"118","Ankrd52",283,1,"turquoise"
"119","Anln",6,14,"cyan"
"120","Ano5",4,1,"turquoise"
"121","Anxa1",4,5,"green"
"122","Anxa2",4,2,"blue"
"123","Anxa5",38,2,"blue"
"124","Anxa6",22,2,"blue"
"125","Anxa7",58,5,"green"
"126","Ap1b1",80,2,"blue"
"127","Ap1g1",51,1,"turquoise"
"128","Ap1m1",48,2,"blue"
"129","Ap2a1",17,2,"blue"
"130","Ap2a2",67,3,"brown"
"131","Ap2b1",32,9,"magenta"
"132","Ap3b2",31,3,"brown"
"133","Ap3d1",146,2,"blue"
"134","Ap3m1",230,1,"turquoise"
"135","Ap5b1",13,2,"blue"
"136","Ap5z1",6,2,"blue"
"137","Apba1",2,6,"red"
"138","Apba3",8,2,"blue"
"139","Apeh",21,3,"brown"
"140","Api5",11,1,"turquoise"
"141","Aplp1",5,11,"greenyellow"
"142","Apopt1",8,2,"blue"
"143","App",4,3,"brown"
"144","Arap1",38,6,"red"
"145","Arap2",11,14,"cyan"
"146","Arcn1",32,5,"green"
"147","Arf1",40,2,"blue"
"148","Arf3",1,6,"red"
"149","Arf5",24,2,"blue"
"150","Arfgap3",39,5,"green"
"151","Arfgef1",29,1,"turquoise"
"152","Arglu1",14,7,"black"
"153","Arhgap20",26,4,"yellow"
"154","Arhgap24",3,2,"blue"
"155","Arhgap29",10,1,"turquoise"
"156","Arhgap35",3,12,"tan"
"157","Arhgap5",375,1,"turquoise"
"158","Arhgdia",59,2,"blue"
"159","Arhgdig",20,6,"red"
"160","Arhgef10l",32,3,"brown"
"161","Arid3b",14,1,"turquoise"
"162","Arid4a",119,1,"turquoise"
"163","Arid5a",277,2,"blue"
"164","Arid5b",59,1,"turquoise"
"165","Arih1",37,1,"turquoise"
"166","Arl10",13,1,"turquoise"
"167","Arl14ep",8,1,"turquoise"
"168","Arl5b",315,1,"turquoise"
"169","Arl8a",13,2,"blue"
"170","Armc1",3,1,"turquoise"
"171","ARMH3_like",112,2,"blue"
"172","Armt1",81,1,"turquoise"
"173","Arnt2",11,3,"brown"
"174","Arpc1b",2,5,"green"
"175","Arpc2",92,2,"blue"
"176","Arpc3",47,2,"blue"
"177","ARPC3_gene26162",20,2,"blue"
"178","Arpc4",92,2,"blue"
"179","Arrb1",5,6,"red"
"180","Arrb2",81,2,"blue"
"181","Arrdc3",3,1,"turquoise"
"182","Arsb",28,11,"greenyellow"
"183","Asb7",12,1,"turquoise"
"184","Asic1",5,6,"red"
"185","Asic4",6,2,"blue"
"186","Asna1",30,2,"blue"
"187","Asnsd1",308,1,"turquoise"
"188","Asph",14,4,"yellow"
"189","Aspscr1",4,3,"brown"
"190","Aste1",32,1,"turquoise"
"191","Astn1",16,3,"brown"
"192","Astn2",15,6,"red"
"193","Atad1",4,5,"green"
"194","ATAD2B",30,1,"turquoise"
"195","Atcay",2,8,"pink"
"196","ATF6_containing",123,2,"blue"
"197","Atf7",5,14,"cyan"
"198","Atg14",161,1,"turquoise"
"199","Atg16l1",11,1,"turquoise"
"200","Atg4d",145,1,"turquoise"
"201","Atic",12,2,"blue"
"202","ATL2_containing",8,14,"cyan"
"203","Atl3",53,1,"turquoise"
"204","Atp13a3",2,1,"turquoise"
"205","Atp13a4",30,7,"black"
"206","Atp13a5",2,3,"brown"
"207","ATP1A2_like",3,6,"red"
"208","Atp1a3",14,6,"red"
"209","Atp1b1",13,6,"red"
"210","Atp1b2",3,6,"red"
"211","Atp2b3",5,3,"brown"
"212","Atp5a1",11,2,"blue"
"213","Atp5b",6,2,"blue"
"214","Atp5c1",94,2,"blue"
"215","Atp5d",11,2,"blue"
"216","Atp5e",55,2,"blue"
"217","Atp5f1",163,2,"blue"
"218","Atp5g1",72,2,"blue"
"219","Atp5g3",106,2,"blue"
"220","Atp5h",3,2,"blue"
"221","Atp5i",28,2,"blue"
"222","Atp5j",10,2,"blue"
"223","Atp5j2",55,2,"blue"
"224","Atp5l",14,2,"blue"
"225","Atp5o",55,2,"blue"
"226","Atp6ap1",8,2,"blue"
"227","Atp6v0a1",2,12,"tan"
"228","Atp6v0a2",203,1,"turquoise"
"229","Atp6v0b",16,2,"blue"
"230","Atp6v0c",11,8,"pink"
"231","Atp6v0d1",69,2,"blue"
"232","Atp6v0e1",23,2,"blue"
"233","Atp6v0e2",16,2,"blue"
"234","Atp6v1e1",9,10,"purple"
"235","Atp6v1g1",38,5,"green"
"236","Atp6v1g2",7,6,"red"
"237","Atp6v1h",27,12,"tan"
"238","Atp7a",4,1,"turquoise"
"239","Atp8b2",5,7,"black"
"240","Atp9a",9,3,"brown"
"241","Atraid",51,2,"blue"
"242","Atrnl1",3,6,"red"
"243","Atrx",15,9,"magenta"
"244","Atxn1",58,1,"turquoise"
"245","Atxn2",250,1,"turquoise"
"246","Aurkaip1",94,2,"blue"
"247","Azin1",247,1,"turquoise"
"248","Azin2",147,2,"blue"
"249","B2m",4,2,"blue"
"250","B3galnt2",364,1,"turquoise"
"251","B3galt1",3,1,"turquoise"
"252","B3gat1",6,17,"grey60"
"253","B4galnt4",6,6,"red"
"254","B4galt3",12,4,"yellow"
"255","B4galt5",18,1,"turquoise"
"256","Babam2",14,2,"blue"
"257","Bach1",93,1,"turquoise"
"258","Bad",52,2,"blue"
"259","Bag1",160,2,"blue"
"260","Bag6",118,2,"blue"
"261","Bahcc1",5,2,"blue"
"262","Bahd1",4,1,"turquoise"
"263","Baiap2",52,1,"turquoise"
"264","Baiap3",20,4,"yellow"
"265","Bak1",64,1,"turquoise"
"266","Banp",21,1,"turquoise"
"267","Bbip1",3,2,"blue"
"268","Bbs1",51,4,"yellow"
"269","Bcan",15,7,"black"
"270","Bcap31",69,2,"blue"
"271","Bcas1",5,15,"midnightblue"
"272","Bcas3",98,3,"brown"
"273","Bckdha",66,2,"blue"
"274","Bckdk",12,2,"blue"
"275","Bcl2l11",278,1,"turquoise"
"276","Bcl7a",22,4,"yellow"
"277","Bcl9",154,4,"yellow"
"278","Bclaf1",5,9,"magenta"
"279","Bcorl1",377,1,"turquoise"
"280","Bcr",46,1,"turquoise"
"281","Bdp1",14,1,"turquoise"
"282","Becn1",3,2,"blue"
"283","Bend6",15,6,"red"
"284","Best1",10,3,"brown"
"285","Bex4",27,4,"yellow"
"286","Bfar",9,1,"turquoise"
"287","Bhlhe40",195,2,"blue"
"288","Bicd1",116,1,"turquoise"
"289","Bicd2",292,1,"turquoise"
"290","Birc2",168,1,"turquoise"
"291","Birc6",14,1,"turquoise"
"292","Blmh",19,1,"turquoise"
"293","Bloc1s1",4,2,"blue"
"294","Bmp5",4,16,"lightcyan"
"295","Bmpr1b",75,1,"turquoise"
"296","Bms1",50,1,"turquoise"
"297","Bmt2",336,1,"turquoise"
"298","Bnip1",5,1,"turquoise"
"299","Bnip3",35,2,"blue"
"300","Bnip3l",8,5,"green"
"301","Boc",5,1,"turquoise"
"302","Bod1",52,1,"turquoise"
"303","Bod1l1",138,1,"turquoise"
"304","Brd1",2,1,"turquoise"
"305","Brd3",384,1,"turquoise"
"306","Brd8",3,2,"blue"
"307","Brd9",8,2,"blue"
"308","Brf1",5,2,"blue"
"309","Bri3",18,2,"blue"
"310","Brinp2",10,2,"blue"
"311","Brinp3",10,3,"brown"
"312","Brms1",20,1,"turquoise"
"313","Brox",5,5,"green"
"314","Brpf1",18,1,"turquoise"
"315","Brsk1",10,6,"red"
"316","Bscl2",8,2,"blue"
"317","Bsg",38,2,"blue"
"318","Btbd11",5,6,"red"
"319","Btbd7",66,1,"turquoise"
"320","Btf3",16,2,"blue"
"321","BTF3_G22095",2,2,"blue"
"322","Btf3l4",13,5,"green"
"323","Btg1",207,1,"turquoise"
"324","Btg2",9,1,"turquoise"
"325","Bub3",4,2,"blue"
"326","Bud13",472,1,"turquoise"
"327","Bud31",6,5,"green"
"328","Bzw1",15,5,"green"
"329","C1qbp",8,2,"blue"
"330","C2cd3",12,1,"turquoise"
"331","Ca14",15,11,"greenyellow"
"332","Ca2",179,1,"turquoise"
"333","Ca9",31,11,"greenyellow"
"334","CABCOCO1_like",4,3,"brown"
"335","Cables2",4,1,"turquoise"
"336","CACNA1C_containing_gene16475",4,4,"yellow"
"337","Cacna1e",17,6,"red"
"338","Cacna1f",25,2,"blue"
"339","Cacnb2",79,1,"turquoise"
"340","Cacng7",11,6,"red"
"341","Cacul1",199,1,"turquoise"
"342","Cadm2",5,3,"brown"
"343","Cadps",2,6,"red"
"344","Cadps2",45,6,"red"
"345","Calb1",2,6,"red"
"346","Calm3",9,6,"red"
"347","Caly",4,8,"pink"
"348","Camk2a",3,8,"pink"
"349","Camk2b",3,6,"red"
"350","Camk2n2",5,6,"red"
"351","Camk4",7,6,"red"
"352","Camkk2",44,4,"yellow"
"353","Camta1",10,6,"red"
"354","Camta2",14,8,"pink"
"355","Canx",5,10,"purple"
"356","Cap1",49,2,"blue"
"357","Capn1",51,2,"blue"
"358","Capn7",1,2,"blue"
"359","Capns1",208,2,"blue"
"360","Caprin1",8,13,"salmon"
"361","Capzb",68,2,"blue"
"362","Carf",3,9,"magenta"
"363","Carnmt1",86,1,"turquoise"
"364","Carns1",3,11,"greenyellow"
"365","Casc3",53,1,"turquoise"
"366","Casc4",4,10,"purple"
"367","Casd1",2,3,"brown"
"368","Cask",5,2,"blue"
"369","Caskin1",9,8,"pink"
"370","Casp8ap2",260,1,"turquoise"
"371","Castor2",52,1,"turquoise"
"372","Cbl",34,1,"turquoise"
"373","Cbll1",592,1,"turquoise"
"374","Cbx7",10,4,"yellow"
"375","Cc2d1b",2,2,"blue"
"376","Ccar2",5,2,"blue"
"377","Ccdc115",34,2,"blue"
"378","Ccdc117",412,1,"turquoise"
"379","Ccdc159",36,3,"brown"
"380","Ccdc169",12,3,"brown"
"381","Ccdc186",102,1,"turquoise"
"382","Ccdc28a",65,1,"turquoise"
"383","Ccdc3",12,4,"yellow"
"384","Ccdc43",7,1,"turquoise"
"385","Ccdc47",4,2,"blue"
"386","Ccdc6",111,1,"turquoise"
"387","Ccdc62",8,2,"blue"
"388","Ccdc71",8,2,"blue"
"389","Ccdc85c",16,1,"turquoise"
"390","Ccdc86",12,1,"turquoise"
"391","Ccdc91",3,3,"brown"
"392","Ccdc92",18,2,"blue"
"393","Ccdc93",226,1,"turquoise"
"394","CCDC9B_containing",3,3,"brown"
"395","Ccer2",5,6,"red"
"396","Cchcr1",3,3,"brown"
"397","Ccng2",165,1,"turquoise"
"398","Ccnk",14,1,"turquoise"
"399","Ccnl1",19,2,"blue"
"400","Ccnt1",4,1,"turquoise"
"401","Ccnt2",55,1,"turquoise"
"402","Ccny",13,1,"turquoise"
"403","Ccnyl1",52,1,"turquoise"
"404","Ccp110",3,1,"turquoise"
"405","Cct2",3,12,"tan"
"406","Cct3",8,5,"green"
"407","Cct4",7,13,"salmon"
"408","Cct5",13,13,"salmon"
"409","Cct6a",18,13,"salmon"
"410","Cct8",13,12,"tan"
"411","Cd164",22,1,"turquoise"
"412","Cd44",12,5,"green"
"413","Cd46",7,1,"turquoise"
"414","Cd63",96,5,"green"
"415","CD82_like",21,2,"blue"
"416","Cdc123",14,2,"blue"
"417","Cdc23",4,1,"turquoise"
"418","Cdc37",60,2,"blue"
"419","Cdc40",23,1,"turquoise"
"420","Cdc42bpa",6,9,"magenta"
"421","Cdc42bpg",4,15,"midnightblue"
"422","Cdc42ep3",192,1,"turquoise"
"423","Cdc42ep4",11,2,"blue"
"424","Cdh11",2,4,"yellow"
"425","Cdh18",32,3,"brown"
"426","Cdh20",144,1,"turquoise"
"427","CDH23_like_gene9228",13,6,"red"
"428","Cdip1",24,2,"blue"
"429","Cdk17",14,1,"turquoise"
"430","Cdk7",46,1,"turquoise"
"431","CDKL5_containing",30,1,"turquoise"
"432","Cdkn2aip",85,1,"turquoise"
"433","Cdo1",8,1,"turquoise"
"434","Cdr2l",9,1,"turquoise"
"435","Cdv3",90,1,"turquoise"
"436","Cdyl2",181,1,"turquoise"
"437","Cebpz",17,1,"turquoise"
"438","CECR2",5,14,"cyan"
"439","Celf1",112,1,"turquoise"
"440","Celf2",198,1,"turquoise"
"441","CELF4_gene8911",16,6,"red"
"442","Celsr2",17,6,"red"
"443","Cend1",13,8,"pink"
"444","Cenpj",10,3,"brown"
"445","Cep112",16,2,"blue"
"446","Cep131",20,2,"blue"
"447","Cep170",7,1,"turquoise"
"448","Cep250",10,3,"brown"
"449","Cep350",562,1,"turquoise"
"450","Cep63",31,3,"brown"
"451","Cep85",78,1,"turquoise"
"452","Cept1",24,1,"turquoise"
"453","Cercam",8,15,"midnightblue"
"454","CERCAM",2,2,"blue"
"455","Cers2",15,11,"greenyellow"
"456","Cfap20",3,1,"turquoise"
"457","Cfap36",55,10,"purple"
"458","Cfap97",9,1,"turquoise"
"459","Cfl1",48,2,"blue"
"460","Cgref1",23,2,"blue"
"461","Champ1",135,1,"turquoise"
"462","Chchd10",39,2,"blue"
"463","Chchd2",115,2,"blue"
"464","Chd3",40,6,"red"
"465","Chd5",18,7,"black"
"466","Chd8",4,5,"green"
"467","Chfr",196,1,"turquoise"
"468","Chi3l1",52,2,"blue"
"469","Chid1",40,2,"blue"
"470","Chordc1",218,1,"turquoise"
"471","Chpf",9,8,"pink"
"472","Chpf2",11,2,"blue"
"473","Chrnb2",90,2,"blue"
"474","Chst1",4,8,"pink"
"475","Chst10",18,2,"blue"
"476","Chtop",5,5,"green"
"477","Ciapin1",6,5,"green"
"478","Ciart",13,2,"blue"
"479","Cirbp",37,2,"blue"
"480","Cited2",163,1,"turquoise"
"481","Ciz1",13,3,"brown"
"482","Clasp2",8,3,"brown"
"483","Clasrp",7,2,"blue"
"484","Clcn7",102,2,"blue"
"485","Cldn11",3,11,"greenyellow"
"486","Cldn12",409,1,"turquoise"
"487","Clec3b",4,16,"lightcyan"
"488","Clint1",64,1,"turquoise"
"489","Clip3",58,2,"blue"
"490","Clk1",408,1,"turquoise"
"491","Clk4",529,1,"turquoise"
"492","Clp1",382,1,"turquoise"
"493","Clpb",46,2,"blue"
"494","Clptm1",20,2,"blue"
"495","Clstn1",21,3,"brown"
"496","Clstn3",30,6,"red"
"497","Cltb",200,2,"blue"
"498","Clu",9,17,"grey60"
"499","Cluh",6,2,"blue"
"500","Cmtm5",22,11,"greenyellow"
"501","Cmtr1",202,2,"blue"
"502","Cnep1r1",229,1,"turquoise"
"503","Cnih4",372,1,"turquoise"
"504","Cnksr3",5,1,"turquoise"
"505","Cnnm1",12,2,"blue"
"506","Cnnm4",290,1,"turquoise"
"507","Cnot1",51,1,"turquoise"
"508","Cnot2",4,1,"turquoise"
"509","Cnot4",4,1,"turquoise"
"510","Cnot8",198,1,"turquoise"
"511","Cnp",31,11,"greenyellow"
"512","Cntf",3,11,"greenyellow"
"513","Cntn2",10,11,"greenyellow"
"514","Cntnap1",25,6,"red"
"515","Cntnap2",17,6,"red"
"516","Cntnap5",11,3,"brown"
"517","Cntrob",15,1,"turquoise"
"518","Cog1",4,3,"brown"
"519","Cog2",77,1,"turquoise"
"520","Col11a1",54,7,"black"
"521","Col16a1",12,7,"black"
"522","Col19a1",35,4,"yellow"
"523","Col1a2",8,16,"lightcyan"
"524","Col20a1",2,5,"green"
"525","Col27a1",2,7,"black"
"526","Col2a1",34,4,"yellow"
"527","Col4a2",35,7,"black"
"528","Col7a1",19,2,"blue"
"529","Col9a2",2,7,"black"
"530","Col9a3",38,11,"greenyellow"
"531","Colec12",4,16,"lightcyan"
"532","Colgalt1",5,1,"turquoise"
"533","Commd3",17,2,"blue"
"534","Commd4",40,2,"blue"
"535","Copb1",2,13,"salmon"
"536","Copb2",6,12,"tan"
"537","Copg1",125,2,"blue"
"538","Copg2",5,6,"red"
"539","Cops2",12,13,"salmon"
"540","Cops6",17,2,"blue"
"541","Cops7b",124,1,"turquoise"
"542","Cops8",146,2,"blue"
"543","Cops9",3,2,"blue"
"544","Coq10b",283,1,"turquoise"
"545","Coro1b",44,2,"blue"
"546","Coro1c",6,5,"green"
"547","Coro2b",45,7,"black"
"548","Coro6",15,3,"brown"
"549","COX4I1_like",112,2,"blue"
"550","COX5B_like_gene22048",241,2,"blue"
"551","COX6A1",4,2,"blue"
"552","COX6B1_gene11475",68,2,"blue"
"553","COX7A2",6,2,"blue"
"554","COX7B_gene19995",82,2,"blue"
"555","COX7C_like",11,2,"blue"
"556","COX8A_like",92,2,"blue"
"557","Cpd",13,1,"turquoise"
"558","Cpe",4,6,"red"
"559","Cpeb3",12,1,"turquoise"
"560","Cpsf1",18,2,"blue"
"561","Cpt1a",4,2,"blue"
"562","Cpt1c",6,3,"brown"
"563","Crabp2",10,16,"lightcyan"
"564","Crat",141,2,"blue"
"565","Crbn",23,5,"green"
"566","Creb5",5,11,"greenyellow"
"567","Crebrf",18,1,"turquoise"
"568","Creg1",40,2,"blue"
"569","Creld1",5,6,"red"
"570","Crk",172,1,"turquoise"
"571","Crkl",508,1,"turquoise"
"572","Crnkl1",68,1,"turquoise"
"573","Crocc",4,3,"brown"
"574","Cs",42,9,"magenta"
"575","CSDE1_gene25541",4,2,"blue"
"576","Csf1",5,1,"turquoise"
"577","Csmd2",59,1,"turquoise"
"578","Csmd3",4,7,"black"
"579","Csnk1a1",28,5,"green"
"580","Csnk1d",31,1,"turquoise"
"581","Csnk1g1",6,1,"turquoise"
"582","Csnk1g3",25,1,"turquoise"
"583","Csnk2b",7,2,"blue"
"584","Cspg5",49,3,"brown"
"585","Csrnp1",3,2,"blue"
"586","Csrnp2",184,1,"turquoise"
"587","Csrp1",12,11,"greenyellow"
"588","Csrp2",10,4,"yellow"
"589","CST3_containing",20,2,"blue"
"590","Cstb",203,2,"blue"
"591","Ctbp1",129,2,"blue"
"592","Ctbp2",16,1,"turquoise"
"593","Ctdnep1",5,2,"blue"
"594","Ctdsp2",449,1,"turquoise"
"595","Ctdspl",3,14,"cyan"
"596","Ctif",6,8,"pink"
"597","Ctnna2",4,6,"red"
"598","Ctnnd1",25,1,"turquoise"
"599","Ctnnd2",399,2,"blue"
"600","Ctps1",3,1,"turquoise"
"601","CTPS2_like",10,2,"blue"
"602","Ctr9",54,1,"turquoise"
"603","Ctsa",5,5,"green"
"604","Ctsd",173,2,"blue"
"605","Ctsv",5,5,"green"
"606","Cttn",5,2,"blue"
"607","Cttnbp2",2,14,"cyan"
"608","Cttnbp2nl",284,1,"turquoise"
"609","Cuedc2",6,3,"brown"
"610","Cul4a",20,2,"blue"
"611","Cul7",11,2,"blue"
"612","Cul9",13,3,"brown"
"613","CUNH11orf49",20,6,"red"
"614","CUNH11orf68",7,3,"brown"
"615","CUNH12orf57",13,2,"blue"
"616","CUNH14orf119",136,1,"turquoise"
"617","CUNH16orf45",13,8,"pink"
"618","CUNH16orf58",6,3,"brown"
"619","CUNH16orf72",206,1,"turquoise"
"620","CUNH18orf25",94,1,"turquoise"
"621","CUNH18orf54",3,4,"yellow"
"622","CUNH19orf47",3,1,"turquoise"
"623","CUNH19orf70",35,2,"blue"
"624","CUNH1orf35",11,1,"turquoise"
"625","CUNH1orf52",7,1,"turquoise"
"626","CUNH1orf61",169,2,"blue"
"627","CUNH20orf194",276,1,"turquoise"
"628","CUNH20orf27",18,2,"blue"
"629","CUNH21orf91",146,1,"turquoise"
"630","CUNH2orf69",422,1,"turquoise"
"631","CUNH3orf38",9,1,"turquoise"
"632","CUNH5orf15",25,5,"green"
"633","CUNH5orf24",187,1,"turquoise"
"634","CUNH5orf30",11,4,"yellow"
"635","CUNH6orf203",7,1,"turquoise"
"636","CUNH6orf47",80,1,"turquoise"
"637","CUNH6orf89",127,2,"blue"
"638","CUNH9orf16",83,2,"blue"
"639","CUNH9orf3",184,1,"turquoise"
"640","Cuta",6,2,"blue"
"641","Cux1",4,1,"turquoise"
"642","CYB561D1_containing",19,1,"turquoise"
"643","CYB5R3_like",114,2,"blue"
"644","CYB5RL_like",11,2,"blue"
"645","CYC1_like",29,2,"blue"
"646","Cyfip1",24,2,"blue"
"647","Cyfip2",16,9,"magenta"
"648","CYP2J2_containing",2,11,"greenyellow"
"649","Cyth1",18,1,"turquoise"
"650","D2hgdh",102,2,"blue"
"651","Daam2",3,11,"greenyellow"
"652","Dact3",26,7,"black"
"653","Dars",31,2,"blue"
"654","Daxx",2,1,"turquoise"
"655","Dazap2",14,2,"blue"
"656","Dcaf12",292,1,"turquoise"
"657","Dcaf7",6,1,"turquoise"
"658","Dcaf8",48,2,"blue"
"659","Dcc",61,2,"blue"
"660","Dclre1a",231,1,"turquoise"
"661","Dcp1a",164,1,"turquoise"
"662","Dctn1",7,3,"brown"
"663","Dctn2",68,2,"blue"
"664","Dctn3",37,2,"blue"
"665","Dctn4",18,5,"green"
"666","Dcun1d3",239,1,"turquoise"
"667","Dcun1d5",8,2,"blue"
"668","Dda1",58,2,"blue"
"669","Ddb1",65,2,"blue"
"670","Ddhd1",2,14,"cyan"
"671","Ddost",6,2,"blue"
"672","Ddx17",10,4,"yellow"
"673","DDX19A",11,5,"green"
"674","DDX19B",5,1,"turquoise"
"675","Ddx56",3,12,"tan"
"676","Ddx6",36,1,"turquoise"
"677","Decr1",3,3,"brown"
"678","Dedd",168,1,"turquoise"
"679","Def8",20,7,"black"
"680","Dek",3,1,"turquoise"
"681","Dennd1a",54,3,"brown"
"682","Dennd4c",19,10,"purple"
"683","Dennd5a",4,6,"red"
"684","Dennd6b",17,3,"brown"
"685","Depdc5",11,2,"blue"
"686","Dffb",67,1,"turquoise"
"687","Dgat1",3,2,"blue"
"688","Dgcr8",183,1,"turquoise"
"689","Dgkd",3,14,"cyan"
"690","Dhdds",49,2,"blue"
"691","Dhfr",1,0,"grey"
"692","Dhrs11",28,2,"blue"
"693","Dhx15",11,1,"turquoise"
"694","Dhx30",9,2,"blue"
"695","Dhx34",3,2,"blue"
"696","Diaph2",3,3,"brown"
"697","Dicer1",4,1,"turquoise"
"698","Dimt1",5,1,"turquoise"
"699","Dip2b",63,1,"turquoise"
"700","DIPK2A_like",497,1,"turquoise"
"701","Disp2",10,6,"red"
"702","Dixdc1",330,1,"turquoise"
"703","Dlc1",12,1,"turquoise"
"704","Dld",20,12,"tan"
"705","Dlg2",35,6,"red"
"706","Dlg5",13,1,"turquoise"
"707","Dlgap1",9,6,"red"
"708","Dlst",56,5,"green"
"709","Dmd",145,1,"turquoise"
"710","DMD",121,4,"yellow"
"711","Dmtn",7,8,"pink"
"712","Dmwd",10,8,"pink"
"713","Dmxl1",103,1,"turquoise"
"714","Dmxl2",11,9,"magenta"
"715","Dnah6",5,3,"brown"
"716","Dnah9",5,7,"black"
"717","Dnaja1",10,13,"salmon"
"718","Dnaja2",12,5,"green"
"719","Dnaja3",8,5,"green"
"720","Dnajb1",142,1,"turquoise"
"721","Dnajb12",23,2,"blue"
"722","Dnajb4",20,1,"turquoise"
"723","Dnajb9",5,1,"turquoise"
"724","Dnajc16",16,1,"turquoise"
"725","Dnajc24",71,1,"turquoise"
"726","Dnajc27",7,6,"red"
"727","Dnajc8",14,2,"blue"
"728","Dnm1",34,6,"red"
"729","Dnm2",7,15,"midnightblue"
"730","Dnmt1",156,1,"turquoise"
"731","Dock8",84,1,"turquoise"
"732","Dok4",63,1,"turquoise"
"733","Dopey1",91,4,"yellow"
"734","Dpf2",139,1,"turquoise"
"735","Dph2",160,1,"turquoise"
"736","Dph3",27,1,"turquoise"
"737","Dph6",26,2,"blue"
"738","Dpm1",70,1,"turquoise"
"739","Dpp10",27,6,"red"
"740","Dpp3",3,2,"blue"
"741","Dpp6",30,6,"red"
"742","Dpyd",28,3,"brown"
"743","Drg1",3,5,"green"
"744","Dscam",26,6,"red"
"745","Dscr3",18,2,"blue"
"746","Dstn",13,12,"tan"
"747","Dtd1",24,2,"blue"
"748","Dtnb",22,2,"blue"
"749","Dtnbp1",7,4,"yellow"
"750","Dtx3",3,3,"brown"
"751","Dusp1",98,2,"blue"
"752","Dusp11",6,1,"turquoise"
"753","Dusp16",13,1,"turquoise"
"754","Dusp26",3,2,"blue"
"755","Dusp3",36,2,"blue"
"756","Dusp6",269,1,"turquoise"
"757","Dusp8",8,6,"red"
"758","Dvl1",15,6,"red"
"759","Dvl2",58,1,"turquoise"
"760","Dync1h1",8,9,"magenta"
"761","Dync1i2",167,2,"blue"
"762","Dyrk1b",34,1,"turquoise"
"763","Dysf",4,2,"blue"
"764","Dzip1",6,6,"red"
"765","E2f4",30,1,"turquoise"
"766","Ebf4",15,7,"black"
"767","Ece2",47,4,"yellow"
"768","Ecel1",4,6,"red"
"769","Ech1",154,2,"blue"
"770","Eci2",60,2,"blue"
"771","Edem3",89,1,"turquoise"
"772","Edf1",5,2,"blue"
"773","Edil3",19,7,"black"
"774","Edn3",22,2,"blue"
"775","Eed",13,1,"turquoise"
"776","Eef1d",9,2,"blue"
"777","Eef2",3,8,"pink"
"778","Eef2k",6,4,"yellow"
"779","Efna3",22,1,"turquoise"
"780","Efr3a",17,4,"yellow"
"781","Efr3b",11,6,"red"
"782","Egfl7",8,2,"blue"
"783","Egln1",38,5,"green"
"784","Egln2",2,1,"turquoise"
"785","Eid1",4,10,"purple"
"786","Eif1",26,2,"blue"
"787","Eif1b",174,1,"turquoise"
"788","Eif2a",128,2,"blue"
"789","Eif2ak1",3,2,"blue"
"790","Eif2ak4",13,9,"magenta"
"791","Eif2b2",15,1,"turquoise"
"792","Eif2s1",7,5,"green"
"793","Eif3a",11,5,"green"
"794","EIF3CL",7,2,"blue"
"795","Eif3d",7,5,"green"
"796","Eif3g",22,2,"blue"
"797","Eif3i",74,2,"blue"
"798","Eif3j",118,1,"turquoise"
"799","Eif3k",16,2,"blue"
"800","Eif3l",54,2,"blue"
"801","Eif4a1",3,5,"green"
"802","Eif4a2",13,4,"yellow"
"803","Eif4a3",3,5,"green"
"804","Eif4b",4,10,"purple"
"805","Eif4ebp2",13,1,"turquoise"
"806","Eif4g1",3,12,"tan"
"807","Eif4g3",15,9,"magenta"
"808","Eif4h",169,2,"blue"
"809","Eif5a",36,2,"blue"
"810","Eif6",10,2,"blue"
"811","Elavl1",13,1,"turquoise"
"812","Elavl2",10,4,"yellow"
"813","Elavl3",3,1,"turquoise"
"814","Elavl4",2,4,"yellow"
"815","Elf2",25,14,"cyan"
"816","Ell",95,1,"turquoise"
"817","Ell2",9,14,"cyan"
"818","Elmod1",3,6,"red"
"819","Elmod3",340,2,"blue"
"820","Elmsan1",177,1,"turquoise"
"821","Eln",47,7,"black"
"822","Eloa",8,1,"turquoise"
"823","Elob",17,2,"blue"
"824","Elovl1",7,11,"greenyellow"
"825","Elovl4",10,1,"turquoise"
"826","Elovl7",6,11,"greenyellow"
"827","Emc6",2,5,"green"
"828","Eme2",4,7,"black"
"829","Eml2",12,8,"pink"
"830","Eml4",4,7,"black"
"831","Emsy",214,1,"turquoise"
"832","Eno1",96,2,"blue"
"833","Enoph1",11,2,"blue"
"834","Enpp2",10,11,"greenyellow"
"835","Enpp4",10,14,"cyan"
"836","ENSSTOG00000031411",7,4,"yellow"
"837","ENSSTOG00000032022",11,2,"blue"
"838","ENSSTOG00000032645",4,0,"grey"
"839","Ep300",5,1,"turquoise"
"840","Epas1",9,2,"blue"
"841","Epb41l5",85,1,"turquoise"
"842","Epc2",4,2,"blue"
"843","Epg5",14,1,"turquoise"
"844","Epha10",3,7,"black"
"845","Epha5",9,4,"yellow"
"846","Epn1",64,2,"blue"
"847","Epn2",4,14,"cyan"
"848","Eprs",18,5,"green"
"849","Erbb3",9,14,"cyan"
"850","ERC2_like_gene1402",9,3,"brown"
"851","Erh",12,2,"blue"
"852","Eri3",113,2,"blue"
"853","Erich3",18,3,"brown"
"854","Ermn",17,11,"greenyellow"
"855","Ern1",151,1,"turquoise"
"856","Erp29",31,2,"blue"
"857","Errfi1",29,1,"turquoise"
"858","Esco1",326,1,"turquoise"
"859","Esf1",63,1,"turquoise"
"860","Esrra",253,1,"turquoise"
"861","Ess2",197,1,"turquoise"
"862","Etaa1",23,1,"turquoise"
"863","Etf1",24,5,"green"
"864","Ets2",237,1,"turquoise"
"865","Etv3",269,1,"turquoise"
"866","Etv6",4,5,"green"
"867","Evi2a",37,11,"greenyellow"
"868","Evl",6,8,"pink"
"869","EXOC1",28,2,"blue"
"870","Exoc3",10,2,"blue"
"871","EXOC4_like_gene13945",48,2,"blue"
"872","EXOC4_like_gene13947",17,2,"blue"
"873","Exoc5",35,1,"turquoise"
"874","Exoc7",32,2,"blue"
"875","Exosc4",187,2,"blue"
"876","Ext1",42,2,"blue"
"877","Extl1",41,2,"blue"
"878","Eya3",400,1,"turquoise"
"879","Ezr",4,1,"turquoise"
"880","Fa2h",14,11,"greenyellow"
"881","Fadd",471,1,"turquoise"
"882","Faf1",201,2,"blue"
"883","Faim2",3,9,"magenta"
"884","Fam104a",21,1,"turquoise"
"885","Fam114a2",3,13,"salmon"
"886","Fam117a",33,1,"turquoise"
"887","Fam117b",9,1,"turquoise"
"888","FAM120A_gene4703",30,2,"blue"
"889","Fam126a",83,1,"turquoise"
"890","Fam126b",318,1,"turquoise"
"891","Fam131b",4,4,"yellow"
"892","Fam135a",230,1,"turquoise"
"893","Fam136a",407,1,"turquoise"
"894","Fam13a",3,1,"turquoise"
"895","Fam13b",4,4,"yellow"
"896","Fam155a",5,6,"red"
"897","Fam160b1",156,1,"turquoise"
"898","Fam169a",1,12,"tan"
"899","Fam172a",25,15,"midnightblue"
"900","Fam199x",25,1,"turquoise"
"901","Fam208b",138,1,"turquoise"
"902","Fam219a",18,2,"blue"
"903","Fam222b",423,1,"turquoise"
"904","Fam234b",4,6,"red"
"905","Fam3a",22,2,"blue"
"906","Fam3c",1,11,"greenyellow"
"907","Fam43a",16,4,"yellow"
"908","Fam43b",3,4,"yellow"
"909","Fam46a",446,1,"turquoise"
"910","Fam49a",33,1,"turquoise"
"911","Fam49b",16,10,"purple"
"912","Fam53c",46,1,"turquoise"
"913","Fam57a",274,1,"turquoise"
"914","Fam69b",35,2,"blue"
"915","Fam78b",68,4,"yellow"
"916","FAM84A",4,4,"yellow"
"917","Fam98a",122,1,"turquoise"
"918","Fan1",3,2,"blue"
"919","Far1",9,1,"turquoise"
"920","Fars2",31,3,"brown"
"921","Farsa",9,2,"blue"
"922","Fastk",131,2,"blue"
"923","Fastkd1",46,4,"yellow"
"924","Fau",18,2,"blue"
"925","Fbf1",11,3,"brown"
"926","Fbxl14",293,1,"turquoise"
"927","Fbxl17",30,3,"brown"
"928","Fbxl19",14,4,"yellow"
"929","Fbxl5",17,2,"blue"
"930","Fbxo21",2,5,"green"
"931","Fbxo22",5,1,"turquoise"
"932","Fbxo28",552,1,"turquoise"
"933","Fbxo30",419,1,"turquoise"
"934","Fbxo33",159,1,"turquoise"
"935","Fbxo46",73,1,"turquoise"
"936","Fbxo6",21,2,"blue"
"937","Fbxo7",5,15,"midnightblue"
"938","Fbxo9",3,4,"yellow"
"939","Fcf1",5,2,"blue"
"940","Fem1a",150,2,"blue"
"941","Fez1",6,15,"midnightblue"
"942","Fgf12",1,9,"magenta"
"943","FGF2_containing",116,1,"turquoise"
"944","Fgfr1",12,4,"yellow"
"945","Fgfr1op2",251,1,"turquoise"
"946","Fgfr2",22,14,"cyan"
"947","Fgfr3",25,3,"brown"
"948","Fgfrl1",51,2,"blue"
"949","Fibp",90,2,"blue"
"950","Fkbp8",10,8,"pink"
"951","Fkrp",3,2,"blue"
"952","Flii",6,1,"turquoise"
"953","Flna",6,2,"blue"
"954","Flrt2",89,1,"turquoise"
"955","Flrt3",129,4,"yellow"
"956","Flvcr1",33,1,"turquoise"
"957","Fmnl2",6,20,"royalblue"
"958","Fn1",7,16,"lightcyan"
"959","Fndc3a",3,13,"salmon"
"960","Fndc3b",2,1,"turquoise"
"961","Fndc4",5,6,"red"
"962","Fnip1",2,1,"turquoise"
"963","Fnip2",230,1,"turquoise"
"964","Focad",9,9,"magenta"
"965","Folh1b",22,11,"greenyellow"
"966","Fos",3,0,"grey"
"967","Foxo3",118,1,"turquoise"
"968","Foxo4",11,7,"black"
"969","Frat1",8,4,"yellow"
"970","Frmd1",4,7,"black"
"971","Fryl",18,1,"turquoise"
"972","Fsd1",6,8,"pink"
"973","Fsd1l",14,1,"turquoise"
"974","FSTL5_like_gene23539",32,3,"brown"
"975","Ftl",21,2,"blue"
"976","Ftsj1",78,1,"turquoise"
"977","Ftsj3",5,1,"turquoise"
"978","Fubp1",145,1,"turquoise"
"979","Fubp3",13,2,"blue"
"980","Fuk",8,6,"red"
"981","Fut11",334,1,"turquoise"
"982","Fxr1",108,1,"turquoise"
"983","Fyco1",118,1,"turquoise"
"984","Fyn",1,2,"blue"
"985","Fyttd1",2,5,"green"
"986","Fzd2",14,7,"black"
"987","Fzd4",126,1,"turquoise"
"988","G10765",18,3,"brown"
"989","G1232",8,0,"grey"
"990","G12628",8,2,"blue"
"991","G1274",3,1,"turquoise"
"992","G13329",41,4,"yellow"
"993","G1404",128,2,"blue"
"994","G14485",34,1,"turquoise"
"995","G14950",488,1,"turquoise"
"996","G15124",6,2,"blue"
"997","G16353",73,4,"yellow"
"998","G16444",302,1,"turquoise"
"999","G16591",8,0,"grey"
"1000","G16730",4,3,"brown"
"1001","G17390",107,2,"blue"
"1002","G18437",8,0,"grey"
"1003","G18565",8,0,"grey"
"1004","G18650",381,1,"turquoise"
"1005","G18683",3,4,"yellow"
"1006","G18884",3,1,"turquoise"
"1007","G21460",31,3,"brown"
"1008","G21808",140,1,"turquoise"
"1009","G22451",8,4,"yellow"
"1010","G22579",5,2,"blue"
"1011","G22714",6,4,"yellow"
"1012","G23069",17,4,"yellow"
"1013","G23864",3,0,"grey"
"1014","G24004",7,2,"blue"
"1015","G25309",18,1,"turquoise"
"1016","G25348",4,0,"grey"
"1017","G26032",9,4,"yellow"
"1018","G2612",4,4,"yellow"
"1019","G27318",10,1,"turquoise"
"1020","G27324",3,1,"turquoise"
"1021","G30723",9,0,"grey"
"1022","G3182",401,1,"turquoise"
"1023","G32610",12,1,"turquoise"
"1024","G32880",39,2,"blue"
"1025","G33032",99,2,"blue"
"1026","G3436",6,2,"blue"
"1027","G34984",12,4,"yellow"
"1028","G36203",8,1,"turquoise"
"1029","G3860",256,4,"yellow"
"1030","G3868",9,4,"yellow"
"1031","G3940",26,3,"brown"
"1032","G3bp1",141,1,"turquoise"
"1033","G40490",398,1,"turquoise"
"1034","G41047",9,0,"grey"
"1035","G41049",8,0,"grey"
"1036","G6222",6,1,"turquoise"
"1037","G8579",3,2,"blue"
"1038","G8876",4,4,"yellow"
"1039","G8955",3,0,"grey"
"1040","G8970",2,1,"turquoise"
"1041","G8982",12,1,"turquoise"
"1042","G924",3,2,"blue"
"1043","G9747",31,1,"turquoise"
"1044","G9749",42,1,"turquoise"
"1045","G9756",24,1,"turquoise"
"1046","Gaa",3,2,"blue"
"1047","Gab2",6,2,"blue"
"1048","Gabarap",43,2,"blue"
"1049","Gabbr1",26,6,"red"
"1050","Gabbr2",20,2,"blue"
"1051","Gabra1",7,6,"red"
"1052","Gabra2",15,4,"yellow"
"1053","Gabrb2",9,6,"red"
"1054","Gabrg1",31,6,"red"
"1055","Gabrg2",2,6,"red"
"1056","Gadd45b",20,2,"blue"
"1057","Galk2",10,9,"magenta"
"1058","Galnt17",4,6,"red"
"1059","Galnt7",3,4,"yellow"
"1060","Galt",14,2,"blue"
"1061","Gap43",20,6,"red"
"1062","Gapdh",27,2,"blue"
"1063","Gapvd1",35,1,"turquoise"
"1064","Garem2",4,7,"black"
"1065","Garnl3",2,3,"brown"
"1066","Gas6",31,8,"pink"
"1067","Gatad1",154,1,"turquoise"
"1068","GATD3A_containing",98,2,"blue"
"1069","Gbf1",6,2,"blue"
"1070","Gcc1",376,1,"turquoise"
"1071","Gcc2",71,1,"turquoise"
"1072","Gclc",4,1,"turquoise"
"1073","Gclm",9,1,"turquoise"
"1074","Gcn1",3,1,"turquoise"
"1075","GCNT2_like_gene10637",3,1,"turquoise"
"1076","Gdf11",12,4,"yellow"
"1077","Gdpd2",49,7,"black"
"1078","Gemin4",32,1,"turquoise"
"1079","Gemin5",203,1,"turquoise"
"1080","Gemin6",9,1,"turquoise"
"1081","Get4",13,2,"blue"
"1082","Gfod1",17,1,"turquoise"
"1083","Gga2",248,1,"turquoise"
"1084","Ggt7",17,7,"black"
"1085","Ghdc",236,2,"blue"
"1086","Ghitm",6,12,"tan"
"1087","Gid4",83,1,"turquoise"
"1088","Gigyf2",116,1,"turquoise"
"1089","Ginm1",7,5,"green"
"1090","Gipr",3,7,"black"
"1091","GJA1",6,4,"yellow"
"1092","Gjb1",12,11,"greenyellow"
"1093","Gjb2",5,16,"lightcyan"
"1094","Gjc2",31,11,"greenyellow"
"1095","Gkap1",83,1,"turquoise"
"1096","Glcci1",223,1,"turquoise"
"1097","Glis2",11,1,"turquoise"
"1098","Gls",4,6,"red"
"1099","Gls2",4,2,"blue"
"1100","Glt1d1",13,6,"red"
"1101","Gltp",7,11,"greenyellow"
"1102","Gna12",50,2,"blue"
"1103","Gnai3",15,2,"blue"
"1104","Gnao1",8,15,"midnightblue"
"1105","Gnaq",10,5,"green"
"1106","GNAS_gene10323",13,6,"red"
"1107","Gnb1",266,2,"blue"
"1108","Gnb2",6,2,"blue"
"1109","Gnb5",5,4,"yellow"
"1110","Gng2",2,10,"purple"
"1111","Gnl2",1,5,"green"
"1112","Gnpda1",11,1,"turquoise"
"1113","Gnpda2",208,1,"turquoise"
"1114","Gnptg",6,2,"blue"
"1115","Gns",2,5,"green"
"1116","Golga4",3,13,"salmon"
"1117","Gon4l",79,1,"turquoise"
"1118","Gopc",282,1,"turquoise"
"1119","Gorasp2",2,12,"tan"
"1120","Gosr2",10,5,"green"
"1121","GOT2_gene26236",4,12,"tan"
"1122","Gpatch2",368,1,"turquoise"
"1123","Gpatch2l",28,1,"turquoise"
"1124","Gpatch3",8,1,"turquoise"
"1125","Gpatch8",8,1,"turquoise"
"1126","Gpbp1l1",3,1,"turquoise"
"1127","Gpi",3,12,"tan"
"1128","Gpm6a",7,6,"red"
"1129","GPM6B_like",19,7,"black"
"1130","Gpn2",146,1,"turquoise"
"1131","Gpr108",100,2,"blue"
"1132","Gpr137",7,8,"pink"
"1133","Gpr137c",4,6,"red"
"1134","Gpr155",4,7,"black"
"1135","Gpr162",5,6,"red"
"1136","Gpr37",8,11,"greenyellow"
"1137","Gpr37l1",4,8,"pink"
"1138","Gpr75",5,4,"yellow"
"1139","Gpr85",9,4,"yellow"
"1140","Gprasp1",37,6,"red"
"1141","Gprasp2",5,3,"brown"
"1142","Gpx4",3,2,"blue"
"1143","Gramd1b",16,4,"yellow"
"1144","Gramd2b",5,2,"blue"
"1145","Gramd4",102,1,"turquoise"
"1146","Grb10",6,4,"yellow"
"1147","Grb2",12,2,"blue"
"1148","Greb1l",3,1,"turquoise"
"1149","Grhpr",84,2,"blue"
"1150","Gria2",7,7,"black"
"1151","Gria3",17,6,"red"
"1152","Grid1",81,2,"blue"
"1153","Grid2",5,3,"brown"
"1154","Grik2",4,7,"black"
"1155","Grk5",11,4,"yellow"
"1156","Grm3",13,7,"black"
"1157","Grm5",11,4,"yellow"
"1158","Grm7",65,3,"brown"
"1159","GRM7_like",8,3,"brown"
"1160","Grm8",9,6,"red"
"1161","Grn",4,2,"blue"
"1162","Grpel1",3,5,"green"
"1163","Gskip",100,1,"turquoise"
"1164","Gsn",4,15,"midnightblue"
"1165","Gspt2",12,1,"turquoise"
"1166","Gsta4",12,2,"blue"
"1167","GSTM2_containing",7,4,"yellow"
"1168","Gstp1",86,2,"blue"
"1169","Gstz1",85,2,"blue"
"1170","Gtf2e1",30,1,"turquoise"
"1171","Gtf2f2",4,5,"green"
"1172","Gtf2h1",4,5,"green"
"1173","Gtf2h3",7,2,"blue"
"1174","Gtf2ird1",28,2,"blue"
"1175","Gtpbp2",17,4,"yellow"
"1176","Gucd1",269,1,"turquoise"
"1177","Guk1",15,2,"blue"
"1178","Gzf1",30,1,"turquoise"
"1179","H1F0_gene5906",99,2,"blue"
"1180","H2AFJ",94,2,"blue"
"1181","H3F3B",17,2,"blue"
"1182","H6pd",4,5,"green"
"1183","Hacd3",14,4,"yellow"
"1184","Hadh",2,15,"midnightblue"
"1185","Hadha",30,5,"green"
"1186","Hadhb",5,2,"blue"
"1187","Hagh",32,2,"blue"
"1188","Haghl",11,7,"black"
"1189","Hapln4",12,6,"red"
"1190","HARS2_like",66,1,"turquoise"
"1191","Haus3",381,1,"turquoise"
"1192","Hbp1",38,1,"turquoise"
"1193","Hcfc1",52,2,"blue"
"1194","Hcn4",70,4,"yellow"
"1195","Hdac3",6,2,"blue"
"1196","Hdac4",381,1,"turquoise"
"1197","Hdac5",6,4,"yellow"
"1198","Hdac6",8,2,"blue"
"1199","Hdac9",13,1,"turquoise"
"1200","Hdgf",4,2,"blue"
"1201","Hdlbp",13,5,"green"
"1202","Heatr1",309,1,"turquoise"
"1203","Heatr3",160,1,"turquoise"
"1204","Hectd1",4,1,"turquoise"
"1205","Hectd2",2,1,"turquoise"
"1206","Hecw1",3,4,"yellow"
"1207","Hecw2",10,14,"cyan"
"1208","Helz",29,1,"turquoise"
"1209","Herc1",10,1,"turquoise"
"1210","Hexa",48,2,"blue"
"1211","Hexb",15,1,"turquoise"
"1212","Hexim1",28,1,"turquoise"
"1213","Hif1an",157,1,"turquoise"
"1214","Hip1",4,15,"midnightblue"
"1215","Hipk2",4,14,"cyan"
"1216","Hipk3",353,1,"turquoise"
"1217","Hirip3",108,1,"turquoise"
"1218","HIST1H1C_containing",160,2,"blue"
"1219","HIST3H2BB_containing",253,2,"blue"
"1220","Hk1",11,12,"tan"
"1221","Hmox1",9,5,"green"
"1222","Hmox2",5,2,"blue"
"1223","Hnrnpa2b1",122,4,"yellow"
"1224","Hnrnpf",46,1,"turquoise"
"1225","Hnrnph3",189,1,"turquoise"
"1226","Hnrnpl",120,2,"blue"
"1227","Hnrnpu",5,7,"black"
"1228","Hnrnpul1",35,2,"blue"
"1229","Hrh1",10,1,"turquoise"
"1230","Hrh3",11,1,"turquoise"
"1231","HRK_containing",16,4,"yellow"
"1232","Hspa12a",4,6,"red"
"1233","HSPA14_like",430,1,"turquoise"
"1234","Hspa4",2,13,"salmon"
"1235","Hspa8",7,18,"lightgreen"
"1236","Hspa9",81,5,"green"
"1237","Hspb6",21,2,"blue"
"1238","Hspbp1",7,2,"blue"
"1239","HSPBP1_like",7,2,"blue"
"1240","Hspd1",8,13,"salmon"
"1241","HSPD1_like",4,13,"salmon"
"1242","Hsph1",28,4,"yellow"
"1243","HSPH1",11,4,"yellow"
"1244","Hus1",17,1,"turquoise"
"1245","Hyi",4,7,"black"
"1246","Ick",205,1,"turquoise"
"1247","Icmt",50,1,"turquoise"
"1248","Id2",14,2,"blue"
"1249","Id3",6,3,"brown"
"1250","ID4",14,3,"brown"
"1251","Idh3b",178,2,"blue"
"1252","Idh3g",233,2,"blue"
"1253","Iffo2",6,1,"turquoise"
"1254","Ifnar1",6,2,"blue"
"1255","Ifrd2",4,1,"turquoise"
"1256","Ift172",11,3,"brown"
"1257","Ift20",3,1,"turquoise"
"1258","Ift74",27,10,"purple"
"1259","Ift81",5,10,"purple"
"1260","Igf1r",27,1,"turquoise"
"1261","Igf2",4,16,"lightcyan"
"1262","Igip",24,4,"yellow"
"1263","Iglon5",7,6,"red"
"1264","Ikzf4",220,1,"turquoise"
"1265","Immt",146,2,"blue"
"1266","Impdh2",1,3,"brown"
"1267","Inafm2",59,1,"turquoise"
"1268","Inf2",5,11,"greenyellow"
"1269","Ing3",9,1,"turquoise"
"1270","Ing4",213,1,"turquoise"
"1271","Inpp4b",36,4,"yellow"
"1272","Inpp5a",28,1,"turquoise"
"1273","Inpp5f",35,4,"yellow"
"1274","Inpp5k",25,2,"blue"
"1275","Insig2",3,1,"turquoise"
"1276","Insm1",210,1,"turquoise"
"1277","Insr",260,1,"turquoise"
"1278","Ints11",12,2,"blue"
"1279","Ints9",4,1,"turquoise"
"1280","Ip6k2",15,1,"turquoise"
"1281","Ipo13",74,2,"blue"
"1282","Ipo4",3,2,"blue"
"1283","Ipo9",4,2,"blue"
"1284","Iqce",26,2,"blue"
"1285","Iqgap1",14,5,"green"
"1286","Irak1",67,2,"blue"
"1287","Ireb2",162,1,"turquoise"
"1288","Irf1",102,1,"turquoise"
"1289","Irf2",7,1,"turquoise"
"1290","Irf2bp2",79,4,"yellow"
"1291","Irs1",151,1,"turquoise"
"1292","Isg20l2",36,1,"turquoise"
"1293","Isl1",21,1,"turquoise"
"1294","Ist1",56,1,"turquoise"
"1295","Itch",39,1,"turquoise"
"1296","Itgam",5,2,"blue"
"1297","Itgb8",47,14,"cyan"
"1298","Itgbl1",3,16,"lightcyan"
"1299","Itpkb",25,2,"blue"
"1300","Itsn1",3,4,"yellow"
"1301","ITSN1_like",5,6,"red"
"1302","Itsn2",215,1,"turquoise"
"1303","Ivns1abp",309,1,"turquoise"
"1304","Jade2",7,1,"turquoise"
"1305","Jagn1",41,1,"turquoise"
"1306","Jmjd4",118,1,"turquoise"
"1307","Jmjd6",269,1,"turquoise"
"1308","Jmy",321,1,"turquoise"
"1309","Josd2",2,2,"blue"
"1310","Jrkl",229,1,"turquoise"
"1311","Junb",3,10,"purple"
"1312","Kansl2",91,1,"turquoise"
"1313","Kars",35,2,"blue"
"1314","Katnbl1",95,1,"turquoise"
"1315","Kbtbd2",319,1,"turquoise"
"1316","KBTBD7",223,1,"turquoise"
"1317","KCNA6_gene16541",4,14,"cyan"
"1318","Kcnab2",3,6,"red"
"1319","Kcnc2",10,6,"red"
"1320","Kcnd2",8,6,"red"
"1321","Kcnip4",15,6,"red"
"1322","Kcnj2",251,1,"turquoise"
"1323","Kcnk1",5,11,"greenyellow"
"1324","Kcnk9",5,6,"red"
"1325","Kcnq2",7,6,"red"
"1326","Kctd13",11,1,"turquoise"
"1327","Kctd4",14,4,"yellow"
"1328","Kdelr1",4,5,"green"
"1329","Kdelr2",42,1,"turquoise"
"1330","Kdm2a",59,1,"turquoise"
"1331","Kdm3a",70,1,"turquoise"
"1332","Kdm4c",57,7,"black"
"1333","Kdm5a",474,1,"turquoise"
"1334","Kdm5b",486,1,"turquoise"
"1335","Kdm7a",59,1,"turquoise"
"1336","Khsrp",23,1,"turquoise"
"1337","Kiaa0319l",12,2,"blue"
"1338","Kiaa0355",15,1,"turquoise"
"1339","Kiaa0408",24,13,"salmon"
"1340","Kiaa0556",8,3,"brown"
"1341","Kiaa0753",4,1,"turquoise"
"1342","Kiaa1109",5,9,"magenta"
"1343","Kiaa1147",50,4,"yellow"
"1344","Kiaa1328",5,3,"brown"
"1345","Kiaa1549l",3,6,"red"
"1346","KIAA1958_containing",17,4,"yellow"
"1347","Kiaa2013",6,5,"green"
"1348","Kif13b",18,14,"cyan"
"1349","Kif1a",4,3,"brown"
"1350","Kif1c",7,11,"greenyellow"
"1351","Kifc2",31,7,"black"
"1352","Kin",67,1,"turquoise"
"1353","Klc1",8,2,"blue"
"1354","Klc2",12,6,"red"
"1355","Klf10",27,2,"blue"
"1356","Klf5",3,1,"turquoise"
"1357","Klhdc1",11,4,"yellow"
"1358","Klhl1",19,6,"red"
"1359","Klhl11",5,1,"turquoise"
"1360","Klhl12",10,2,"blue"
"1361","Klhl15",36,1,"turquoise"
"1362","Klhl18",69,1,"turquoise"
"1363","Klhl2",2,4,"yellow"
"1364","Klhl20",190,1,"turquoise"
"1365","Klhl21",346,1,"turquoise"
"1366","Klhl24",343,1,"turquoise"
"1367","Klhl4",24,11,"greenyellow"
"1368","Klhl7",221,1,"turquoise"
"1369","Klhl9",236,1,"turquoise"
"1370","Klk6",9,11,"greenyellow"
"1371","Kmt2a",50,1,"turquoise"
"1372","Kmt2c",1,4,"yellow"
"1373","Kmt2d",45,1,"turquoise"
"1374","Kmt2e",322,1,"turquoise"
"1375","KMT2E-AS1_like",182,1,"turquoise"
"1376","Kmt5a",8,1,"turquoise"
"1377","Kmt5b",128,1,"turquoise"
"1378","Kndc1",26,6,"red"
"1379","Kpna2",22,1,"turquoise"
"1380","Kpna3",32,1,"turquoise"
"1381","Kpnb1",68,1,"turquoise"
"1382","Krit1",339,1,"turquoise"
"1383","Krt80",10,6,"red"
"1384","L2hgdh",15,1,"turquoise"
"1385","L3mbtl3",13,4,"yellow"
"1386","LACC1_containing_gene22789",3,1,"turquoise"
"1387","Lamc1",11,2,"blue"
"1388","Lamp1",218,2,"blue"
"1389","Lamtor1",215,2,"blue"
"1390","Larp4",196,1,"turquoise"
"1391","Larp4b",54,1,"turquoise"
"1392","Larp7",54,2,"blue"
"1393","Lars",25,9,"magenta"
"1394","Lats2",15,14,"cyan"
"1395","Lcmt1",14,2,"blue"
"1396","Lcor",8,1,"turquoise"
"1397","Ldb1",3,1,"turquoise"
"1398","Ldb3",9,11,"greenyellow"
"1399","Ldha",10,5,"green"
"1400","Ldlrap1",3,11,"greenyellow"
"1401","Lemd3",81,4,"yellow"
"1402","Leng8",4,3,"brown"
"1403","Letmd1",6,2,"blue"
"1404","Lgals3",29,2,"blue"
"1405","Lgi1",11,6,"red"
"1406","Lgi3",51,17,"grey60"
"1407","Lhfpl2",7,1,"turquoise"
"1408","Lhpp",1,3,"brown"
"1409","Lhx1",26,4,"yellow"
"1410","Lifr",285,1,"turquoise"
"1411","Lig4",465,1,"turquoise"
"1412","Lime1",12,1,"turquoise"
"1413","Limk2",29,1,"turquoise"
"1414","Lin37",31,1,"turquoise"
"1415","Lin52",13,1,"turquoise"
"1416","LINC00461_gene35",198,4,"yellow"
"1417","LINC00599_containing",53,4,"yellow"
"1418","Lingo1",2,8,"pink"
"1419","Lingo2",128,2,"blue"
"1420","Lins1",470,1,"turquoise"
"1421","Lix1l",23,1,"turquoise"
"1422","Lman2l",8,4,"yellow"
"1423","Lnx2",25,1,"turquoise"
"1424","LOC101955110",31,2,"blue"
"1425","LOC101955775",9,0,"grey"
"1426","LOC101956912",17,4,"yellow"
"1427","LOC101958269",6,11,"greenyellow"
"1428","LOC101960968",58,1,"turquoise"
"1429","LOC101963015",130,1,"turquoise"
"1430","LOC101965332",15,11,"greenyellow"
"1431","LOC101967169",34,2,"blue"
"1432","LOC101971023",4,3,"brown"
"1433","LOC101974202",4,1,"turquoise"
"1434","LOC101975916",5,2,"blue"
"1435","LOC101976365",353,1,"turquoise"
"1436","LOC101976508",108,1,"turquoise"
"1437","LOC101976653",337,1,"turquoise"
"1438","LOC101977326",3,3,"brown"
"1439","LOC101977890",113,1,"turquoise"
"1440","LOC106144648",109,4,"yellow"
"1441","LOC106145104",10,1,"turquoise"
"1442","LOC106145166",11,4,"yellow"
"1443","LOC106145259",8,4,"yellow"
"1444","LOC106145545",3,0,"grey"
"1445","LOC110596965",17,7,"black"
"1446","LOC110597129",7,7,"black"
"1447","LOC110597196",279,1,"turquoise"
"1448","LOC110597259",13,4,"yellow"
"1449","LOC110597502",12,3,"brown"
"1450","LOC110597760",5,3,"brown"
"1451","LOC110598126",118,4,"yellow"
"1452","LOC110598330",17,3,"brown"
"1453","LOC110598452",31,1,"turquoise"
"1454","LOC110598614",16,4,"yellow"
"1455","LOC110598749",14,2,"blue"
"1456","LOC110599013",5,1,"turquoise"
"1457","LOC110599093",25,1,"turquoise"
"1458","LOC110599226",16,4,"yellow"
"1459","LOC110599459",9,0,"grey"
"1460","Lonp1",78,2,"blue"
"1461","Lrch3",14,1,"turquoise"
"1462","Lrif1",257,1,"turquoise"
"1463","Lrig1",174,2,"blue"
"1464","Lrp1",3,3,"brown"
"1465","Lrp1b",18,7,"black"
"1466","Lrp3",12,2,"blue"
"1467","Lrp5",42,1,"turquoise"
"1468","Lrp6",161,1,"turquoise"
"1469","Lrpprc",14,10,"purple"
"1470","Lrrc20",12,2,"blue"
"1471","Lrrc27",3,2,"blue"
"1472","Lrrc42",4,1,"turquoise"
"1473","Lrrc59",3,1,"turquoise"
"1474","Lrrc75b",5,11,"greenyellow"
"1475","Lrrc8c",57,1,"turquoise"
"1476","Lrrtm2",11,4,"yellow"
"1477","Lrrtm4",16,3,"brown"
"1478","Lrsam1",6,2,"blue"
"1479","Lsm11",55,1,"turquoise"
"1480","Lsr",57,2,"blue"
"1481","Lta4h",12,5,"green"
"1482","Ltbp4",14,3,"brown"
"1483","Luc7l3",39,4,"yellow"
"1484","Luzp1",135,4,"yellow"
"1485","Luzp2",12,7,"black"
"1486","Ly6e",12,2,"blue"
"1487","Lyar",104,1,"turquoise"
"1488","Lynx1",14,6,"red"
"1489","Lyrm1",3,2,"blue"
"1490","Lyrm9",80,2,"blue"
"1491","Lysmd1",12,1,"turquoise"
"1492","Lysmd3",415,1,"turquoise"
"1493","Lztr1",9,3,"brown"
"1494","Lzts2",7,14,"cyan"
"1495","Lzts3",41,6,"red"
"1496","Macrod2",57,4,"yellow"
"1497","Madd",2,9,"magenta"
"1498","Maea",10,5,"green"
"1499","Mafk",6,1,"turquoise"
"1500","Mag",10,11,"greenyellow"
"1501","Maged1",26,2,"blue"
"1502","Magi1",133,4,"yellow"
"1503","Mak16",23,1,"turquoise"
"1504","Maml1",140,1,"turquoise"
"1505","Man2a1",9,14,"cyan"
"1506","Man2b2",48,2,"blue"
"1507","Manea",4,1,"turquoise"
"1508","Map1a",5,9,"magenta"
"1509","Map1b",3,9,"magenta"
"1510","Map2",2,6,"red"
"1511","Map2k2",60,2,"blue"
"1512","Map2k3",26,1,"turquoise"
"1513","Map3k13",384,1,"turquoise"
"1514","Map3k14",19,4,"yellow"
"1515","Map3k5",21,1,"turquoise"
"1516","Map3k6",33,7,"black"
"1517","Map4k3",5,10,"purple"
"1518","Map6",11,1,"turquoise"
"1519","Map6d1",13,11,"greenyellow"
"1520","Mapk14",233,1,"turquoise"
"1521","Mapk1ip1l",95,1,"turquoise"
"1522","Mapk3",292,2,"blue"
"1523","Mapk8",9,1,"turquoise"
"1524","Mapk8ip1",9,2,"blue"
"1525","Mapk8ip2",4,8,"pink"
"1526","Mapk8ip3",7,8,"pink"
"1527","Mapkapk5",23,2,"blue"
"1528","Mapre1",28,2,"blue"
"1529","March2",31,2,"blue"
"1530","Marf1",36,4,"yellow"
"1531","Mark2",4,1,"turquoise"
"1532","Mars2",169,1,"turquoise"
"1533","Mast1",1,3,"brown"
"1534","Mat2a",233,1,"turquoise"
"1535","Matk",26,7,"black"
"1536","Mavs",8,1,"turquoise"
"1537","Max",340,1,"turquoise"
"1538","Mbd1",5,5,"green"
"1539","Mblac2",8,1,"turquoise"
"1540","Mbnl1",50,1,"turquoise"
"1541","Mbnl2",11,5,"green"
"1542","Mboat2",8,12,"tan"
"1543","Mbp",20,11,"greenyellow"
"1544","Mbtps1",6,5,"green"
"1545","Mcee",9,2,"blue"
"1546","Mcf2",8,6,"red"
"1547","Mcf2l2",22,6,"red"
"1548","Mcfd2",4,5,"green"
"1549","Mcoln1",6,2,"blue"
"1550","Mcub",3,2,"blue"
"1551","Mdc1",4,3,"brown"
"1552","Mdh2",104,2,"blue"
"1553","Mdm1",35,1,"turquoise"
"1554","Mdm2",47,1,"turquoise"
"1555","Mdm4",19,10,"purple"
"1556","Mdn1",181,1,"turquoise"
"1557","Me1",9,2,"blue"
"1558","Meaf6",13,9,"magenta"
"1559","Med12",42,2,"blue"
"1560","Med13l",67,1,"turquoise"
"1561","Med22",77,1,"turquoise"
"1562","Med23",31,1,"turquoise"
"1563","Med27",24,2,"blue"
"1564","Med28",421,1,"turquoise"
"1565","Med29",6,2,"blue"
"1566","MEG3_containing",28,6,"red"
"1567","Megf10",5,14,"cyan"
"1568","Megf8",11,3,"brown"
"1569","Men1",4,1,"turquoise"
"1570","Mest",11,1,"turquoise"
"1571","Metap2",4,2,"blue"
"1572","Mettl14",184,1,"turquoise"
"1573","Mettl16",22,1,"turquoise"
"1574","Mettl22",7,2,"blue"
"1575","Mettl26",19,2,"blue"
"1576","Mex3c",512,1,"turquoise"
"1577","Mex3d",275,1,"turquoise"
"1578","Mfap1",210,1,"turquoise"
"1579","Mfap3",353,1,"turquoise"
"1580","Mfap3l",36,1,"turquoise"
"1581","Mff",14,9,"magenta"
"1582","Mfn2",20,2,"blue"
"1583","Mfsd14a",100,1,"turquoise"
"1584","Mfsd14b",206,1,"turquoise"
"1585","MFSD4B_like_gene19882",442,1,"turquoise"
"1586","Mga",73,1,"turquoise"
"1587","Mgat4b",3,1,"turquoise"
"1588","Mgea5",38,3,"brown"
"1589","Mgst3",94,2,"blue"
"1590","Mical1",4,2,"blue"
"1591","Mid1ip1",47,14,"cyan"
"1592","Mid2",3,2,"blue"
"1593","Mier3",93,1,"turquoise"
"1594","Mif",52,2,"blue"
"1595","Mindy2",192,1,"turquoise"
"1596","Minpp1",8,1,"turquoise"
"1597","MIR100HG_like",31,1,"turquoise"
"1598","MIR124-2HG_containing",5,4,"yellow"
"1599","MIR138-1",331,1,"turquoise"
"1600","MIR138-2_containing",4,4,"yellow"
"1601","MIR656_containing",156,1,"turquoise"
"1602","Mis12",95,1,"turquoise"
"1603","Mitd1",372,1,"turquoise"
"1604","Mkl2",42,1,"turquoise"
"1605","Mknk1",14,1,"turquoise"
"1606","Mknk2",2,1,"turquoise"
"1607","Mlc1",70,4,"yellow"
"1608","Mlec",165,1,"turquoise"
"1609","Mlf2",134,2,"blue"
"1610","Mlh1",9,10,"purple"
"1611","Mlh3",189,1,"turquoise"
"1612","Mllt1",88,1,"turquoise"
"1613","Mllt6",12,7,"black"
"1614","Mmadhc",5,2,"blue"
"1615","Mmp15",4,6,"red"
"1616","Mob1a",137,1,"turquoise"
"1617","Mobp",39,11,"greenyellow"
"1618","Mocs1",17,1,"turquoise"
"1619","Mog",33,11,"greenyellow"
"1620","Mogs",356,1,"turquoise"
"1621","Morc2",50,1,"turquoise"
"1622","Morc4",64,1,"turquoise"
"1623","MOSMO_G239",278,1,"turquoise"
"1624","MOSMO_like",148,1,"turquoise"
"1625","Mpc1",5,2,"blue"
"1626","Mpdu1",5,7,"black"
"1627","Mpnd",25,6,"red"
"1628","Mpp1",3,6,"red"
"1629","Mpp2",22,4,"yellow"
"1630","Mpp5",405,1,"turquoise"
"1631","Mpped1",3,6,"red"
"1632","Mras",26,4,"yellow"
"1633","MRFAP1",3,2,"blue"
"1634","Mroh1",7,2,"blue"
"1635","Mroh5",9,3,"brown"
"1636","Mrpl1",12,2,"blue"
"1637","Mrpl2",9,2,"blue"
"1638","Mrpl23",46,2,"blue"
"1639","Mrpl27",2,2,"blue"
"1640","Mrpl4",3,2,"blue"
"1641","Mrpl40",14,2,"blue"
"1642","Mrpl54",78,2,"blue"
"1643","Mrpl58",3,2,"blue"
"1644","Mrps15",9,15,"midnightblue"
"1645","Mrps18b",10,2,"blue"
"1646","Mrps21",6,2,"blue"
"1647","Mrps22",5,13,"salmon"
"1648","Mrps25",72,2,"blue"
"1649","Mrps7",73,2,"blue"
"1650","MSANTD3-TMEFF1",3,11,"greenyellow"
"1651","Msantd4",268,1,"turquoise"
"1652","Msh2",3,1,"turquoise"
"1653","Msl1",26,4,"yellow"
"1654","Msl2",7,1,"turquoise"
"1655","Msn",13,5,"green"
"1656","Mta3",17,3,"brown"
"1657","Mterf4",26,2,"blue"
"1658","Mtf2",302,1,"turquoise"
"1659","Mtmr10",11,14,"cyan"
"1660","Mtmr12",169,1,"turquoise"
"1661","Mtmr4",35,1,"turquoise"
"1662","Mtmr7",19,10,"purple"
"1663","Mtpn",47,5,"green"
"1664","Mtrr",85,1,"turquoise"
"1665","Mtss1l",116,3,"brown"
"1666","Mtus1",47,14,"cyan"
"1667","Mtx1",20,2,"blue"
"1668","Mvb12b",8,17,"grey60"
"1669","Mvd",2,5,"green"
"1670","Mxd1",5,1,"turquoise"
"1671","Mxd4",78,1,"turquoise"
"1672","Mxi1",19,1,"turquoise"
"1673","Myadm",8,1,"turquoise"
"1674","Mycbp",27,5,"green"
"1675","Mycbp2",3,6,"red"
"1676","Myh10",21,6,"red"
"1677","MYL12B",8,2,"blue"
"1678","Mylip",82,1,"turquoise"
"1679","Mynn",28,1,"turquoise"
"1680","Myo10",10,1,"turquoise"
"1681","Myo18a",20,2,"blue"
"1682","Myo1d",4,15,"midnightblue"
"1683","Myo1e",8,20,"royalblue"
"1684","Mypop",4,1,"turquoise"
"1685","Myrf",9,15,"midnightblue"
"1686","Myt1l",15,6,"red"
"1687","N4bp2",5,1,"turquoise"
"1688","Naa15",240,1,"turquoise"
"1689","NAA50_G35781",42,1,"turquoise"
"1690","Nab2",21,1,"turquoise"
"1691","Nacad",55,2,"blue"
"1692","Nadk",14,1,"turquoise"
"1693","Nagk",3,2,"blue"
"1694","Nalcn",69,6,"red"
"1695","Nans",3,2,"blue"
"1696","Nap1l2",3,6,"red"
"1697","Nap1l5",15,6,"red"
"1698","Napa",59,2,"blue"
"1699","Napb",3,6,"red"
"1700","Narf",89,1,"turquoise"
"1701","Nav1",4,1,"turquoise"
"1702","Naxd",2,2,"blue"
"1703","Nbea",20,3,"brown"
"1704","Ncam1",7,3,"brown"
"1705","NCAM2_containing_gene23294",11,3,"brown"
"1706","Ncapd2",112,2,"blue"
"1707","Ncaph2",6,2,"blue"
"1708","Ncbp1",14,13,"salmon"
"1709","Ncdn",23,6,"red"
"1710","Nck1",20,1,"turquoise"
"1711","Ncoa1",47,1,"turquoise"
"1712","Ncoa2",4,1,"turquoise"
"1713","Ncoa4",213,1,"turquoise"
"1714","Ncstn",3,2,"blue"
"1715","Ndel1",84,4,"yellow"
"1716","Ndrg4",4,6,"red"
"1717","Ndufa10",85,2,"blue"
"1718","Ndufa11",102,2,"blue"
"1719","Ndufa13",5,2,"blue"
"1720","Ndufa4",26,2,"blue"
"1721","Ndufa6",31,2,"blue"
"1722","Ndufa7",92,2,"blue"
"1723","Ndufa8",41,2,"blue"
"1724","Ndufab1",2,2,"blue"
"1725","Ndufb11",11,2,"blue"
"1726","Ndufb6",10,2,"blue"
"1727","Ndufb7",14,2,"blue"
"1728","Ndufb8",34,2,"blue"
"1729","Ndufc2",12,2,"blue"
"1730","Ndufs1",27,9,"magenta"
"1731","Ndufs3",56,2,"blue"
"1732","Ndufs4",38,2,"blue"
"1733","Ndufs7",7,2,"blue"
"1734","Ndufv1",54,2,"blue"
"1735","Ndufv3",3,2,"blue"
"1736","NECTIN3_like",97,1,"turquoise"
"1737","Nedd9",2,4,"yellow"
"1738","Nefl",3,6,"red"
"1739","Negr1",16,7,"black"
"1740","Nek1",6,9,"magenta"
"1741","Nek4",31,1,"turquoise"
"1742","Nek6",16,5,"green"
"1743","Nek9",13,1,"turquoise"
"1744","Nell1",3,6,"red"
"1745","Neo1",3,15,"midnightblue"
"1746","Neu1",3,1,"turquoise"
"1747","Neu3",106,4,"yellow"
"1748","Neurl1b",3,1,"turquoise"
"1749","Nf1",43,3,"brown"
"1750","Nfat5",16,1,"turquoise"
"1751","Nfatc3",172,1,"turquoise"
"1752","Nfe2l1",86,2,"blue"
"1753","Nfe2l2",424,1,"turquoise"
"1754","Nfkb1",8,1,"turquoise"
"1755","Nfkbil1",167,2,"blue"
"1756","Nfkbiz",67,1,"turquoise"
"1757","Nfrkb",25,1,"turquoise"
"1758","Nfs1",6,2,"blue"
"1759","Nfxl1",14,1,"turquoise"
"1760","Nfyb",9,4,"yellow"
"1761","Nhlrc2",210,1,"turquoise"
"1762","Nifk",9,12,"tan"
"1763","Nin",101,1,"turquoise"
"1764","Nipal3",19,2,"blue"
"1765","Nipbl",60,1,"turquoise"
"1766","Nipsnap1",4,2,"blue"
"1767","Nisch",2,3,"brown"
"1768","Nkap",8,1,"turquoise"
"1769","NKAPD1_like",78,1,"turquoise"
"1770","Nkiras2",231,1,"turquoise"
"1771","Nkrf",6,6,"red"
"1772","Nlgn1",5,3,"brown"
"1773","Nlk",50,1,"turquoise"
"1774","NME1",3,2,"blue"
"1775","Nme2",152,2,"blue"
"1776","Nmt2",60,4,"yellow"
"1777","Nnt",8,2,"blue"
"1778","Nob1",13,1,"turquoise"
"1779","Noc3l",69,1,"turquoise"
"1780","Nono",8,2,"blue"
"1781","Nop10",49,2,"blue"
"1782","Nop9",7,1,"turquoise"
"1783","Notch3",47,2,"blue"
"1784","Npas3",5,3,"brown"
"1785","Npepl1",7,2,"blue"
"1786","Npff",4,4,"yellow"
"1787","Nphp4",2,3,"brown"
"1788","Npm1",25,2,"blue"
"1789","NPM1_G37307",41,2,"blue"
"1790","Npm3",14,1,"turquoise"
"1791","Npr2",2,7,"black"
"1792","Nprl2",38,2,"blue"
"1793","Nptn",10,2,"blue"
"1794","Npy1r",228,1,"turquoise"
"1795","Npy5r",20,1,"turquoise"
"1796","Nr1d2",195,1,"turquoise"
"1797","Nr1h2",6,3,"brown"
"1798","Nr2f1",2,3,"brown"
"1799","Nrbf2",253,1,"turquoise"
"1800","Nrdc",114,2,"blue"
"1801","Nrde2",304,2,"blue"
"1802","Nrf1",7,4,"yellow"
"1803","Nrg1",24,2,"blue"
"1804","Nrip1",8,1,"turquoise"
"1805","Nrip3",4,12,"tan"
"1806","Nrp1",26,1,"turquoise"
"1807","Nrxn1",61,3,"brown"
"1808","Nrxn3",5,6,"red"
"1809","Nsg2",18,6,"red"
"1810","Nsun5",17,1,"turquoise"
"1811","Ntm",21,6,"red"
"1812","Ntmt1",4,2,"blue"
"1813","Ntrk2",4,4,"yellow"
"1814","Nucb1",7,2,"blue"
"1815","Nudcd3",2,12,"tan"
"1816","Nudt14",31,2,"blue"
"1817","Nudt9",86,1,"turquoise"
"1818","Nufip2",359,1,"turquoise"
"1819","Numb",146,1,"turquoise"
"1820","Nup153",13,5,"green"
"1821","Nup188",3,1,"turquoise"
"1822","Nup50",93,1,"turquoise"
"1823","Nup54",28,1,"turquoise"
"1824","Nup58",454,1,"turquoise"
"1825","Nup62",2,5,"green"
"1826","Nup98",76,1,"turquoise"
"1827","Nxf1",24,4,"yellow"
"1828","NXF2B_like",57,3,"brown"
"1829","Oaz2",16,2,"blue"
"1830","Odc1",3,2,"blue"
"1831","OGA",6,3,"brown"
"1832","Ogn",5,16,"lightcyan"
"1833","Ogt",6,4,"yellow"
"1834","Olfm1",3,2,"blue"
"1835","Olig1",30,2,"blue"
"1836","Olig2",27,2,"blue"
"1837","Onecut3",5,4,"yellow"
"1838","Opalin",8,11,"greenyellow"
"1839","Oprk1",13,4,"yellow"
"1840","Oprl1",6,1,"turquoise"
"1841","OPTN_like_gene25473",3,12,"tan"
"1842","Orai3",87,1,"turquoise"
"1843","Orc2",3,1,"turquoise"
"1844","Orc5",27,1,"turquoise"
"1845","Os9",29,9,"magenta"
"1846","Osbpl1a",9,3,"brown"
"1847","Osbpl9",14,2,"blue"
"1848","Ost4",74,2,"blue"
"1849","Otub1",9,2,"blue"
"1850","Otud3",100,1,"turquoise"
"1851","Otud4",360,1,"turquoise"
"1852","Otud5",17,2,"blue"
"1853","Otud6b",39,1,"turquoise"
"1854","Otulin",6,14,"cyan"
"1855","Oxld1",26,2,"blue"
"1856","Oxsr1",41,1,"turquoise"
"1857","P2ry1",11,4,"yellow"
"1858","P4ha1",57,1,"turquoise"
"1859","P4hb",15,2,"blue"
"1860","PABPC1L2B_like_gene25887",116,4,"yellow"
"1861","PABPC1L2B_like_gene25888",47,4,"yellow"
"1862","Pabpc4",3,5,"green"
"1863","Pacrg",8,2,"blue"
"1864","Pacsin1",7,6,"red"
"1865","Pacsin3",9,14,"cyan"
"1866","Padi2",4,15,"midnightblue"
"1867","Pafah1b1",5,12,"tan"
"1868","Pag1",63,1,"turquoise"
"1869","Pak1",7,6,"red"
"1870","Pak2",23,1,"turquoise"
"1871","Pan3",7,3,"brown"
"1872","PANTR1_containing_ENSSTOG00000030227",3,4,"yellow"
"1873","Panx1",158,1,"turquoise"
"1874","Papd7",23,1,"turquoise"
"1875","Papola",13,13,"salmon"
"1876","Papolg",288,1,"turquoise"
"1877","Paqr6",43,4,"yellow"
"1878","Pard3b",8,3,"brown"
"1879","Park7",32,2,"blue"
"1880","Parp2",3,4,"yellow"
"1881","Parp3",4,2,"blue"
"1882","Patl1",135,1,"turquoise"
"1883","Pax8",11,6,"red"
"1884","Paxx",73,2,"blue"
"1885","Pc",6,3,"brown"
"1886","Pcbp1",23,5,"green"
"1887","Pcbp4",4,7,"black"
"1888","Pccb",8,2,"blue"
"1889","Pcdh10",5,7,"black"
"1890","Pcdh11x",6,3,"brown"
"1891","PCDH15_gene24547",9,3,"brown"
"1892","PCDH15_gene24548",6,3,"brown"
"1893","Pcdh7",4,3,"brown"
"1894","Pcdh9",23,7,"black"
"1895","PCDHGC4_like",6,2,"blue"
"1896","Pcgf3",29,1,"turquoise"
"1897","Pcid2",3,2,"blue"
"1898","Pcif1",233,2,"blue"
"1899","Pcna",6,1,"turquoise"
"1900","Pcnp",60,2,"blue"
"1901","Pcnt",3,3,"brown"
"1902","Pcnx3",19,2,"blue"
"1903","Pcsk5",96,2,"blue"
"1904","Pcsk6",12,11,"greenyellow"
"1905","Pcyt1a",32,5,"green"
"1906","Pdap1",82,2,"blue"
"1907","Pdcd4",96,1,"turquoise"
"1908","Pdcd6",30,5,"green"
"1909","Pdcd7",33,1,"turquoise"
"1910","Pde12",14,1,"turquoise"
"1911","PDE4D_like",55,4,"yellow"
"1912","Pde8a",7,11,"greenyellow"
"1913","Pdgfb",20,1,"turquoise"
"1914","Pdgfra",7,7,"black"
"1915","Pdgfrb",24,3,"brown"
"1916","Pdia2",71,4,"yellow"
"1917","Pdik1l",326,1,"turquoise"
"1918","Pdk4",422,1,"turquoise"
"1919","Pdp2",157,1,"turquoise"
"1920","Pds5a",13,1,"turquoise"
"1921","Peg10",12,6,"red"
"1922","Peg3",20,6,"red"
"1923","Peli1",58,1,"turquoise"
"1924","Pex14",17,2,"blue"
"1925","Pex16",3,2,"blue"
"1926","Pex3",8,1,"turquoise"
"1927","Pex6",4,4,"yellow"
"1928","Pfas",10,7,"black"
"1929","Pfdn6",28,2,"blue"
"1930","Pfkfb2",18,7,"black"
"1931","Pgam1",35,2,"blue"
"1932","Pgap3",22,7,"black"
"1933","Pgbd1",16,1,"turquoise"
"1934","Pgd",23,5,"green"
"1935","Pggt1b",16,1,"turquoise"
"1936","Pgk1",9,12,"tan"
"1937","Pgls",4,2,"blue"
"1938","Pgm2l1",17,1,"turquoise"
"1939","PGRMC2_like_G11440",4,1,"turquoise"
"1940","Phactr3",74,2,"blue"
"1941","Phactr4",132,1,"turquoise"
"1942","Phb",4,2,"blue"
"1943","Phb2",45,2,"blue"
"1944","Phc1",24,3,"brown"
"1945","Phf13",215,1,"turquoise"
"1946","Phf20l1",433,1,"turquoise"
"1947","Phf23",405,1,"turquoise"
"1948","Phf24",3,9,"magenta"
"1949","Phf3",275,1,"turquoise"
"1950","Phf6",44,1,"turquoise"
"1951","Phf8",53,1,"turquoise"
"1952","PHKA2_like",3,6,"red"
"1953","Phkg2",74,2,"blue"
"1954","Phldb1",10,11,"greenyellow"
"1955","Phlpp1",4,1,"turquoise"
"1956","Phlpp2",65,1,"turquoise"
"1957","PHYH_like",8,2,"blue"
"1958","Pi4k2a",14,5,"green"
"1959","Pi4ka",3,9,"magenta"
"1960","Picalm",8,1,"turquoise"
"1961","Pick1",8,2,"blue"
"1962","Pigm",121,1,"turquoise"
"1963","Pigt",247,2,"blue"
"1964","Pik3cb",34,4,"yellow"
"1965","Pik3ip1",6,1,"turquoise"
"1966","Pik3r1",14,14,"cyan"
"1967","Pik3r3",39,1,"turquoise"
"1968","Pin1",19,2,"blue"
"1969","Pink1",6,7,"black"
"1970","Pip4k2a",6,14,"cyan"
"1971","Pip5k1a",3,1,"turquoise"
"1972","PIR_like",22,2,"blue"
"1973","Pitpnm3",2,6,"red"
"1974","Pitrm1",3,5,"green"
"1975","Pja2",5,6,"red"
"1976","Pkd1l1",3,2,"blue"
"1977","Pkdcc",71,1,"turquoise"
"1978","Pkm",5,2,"blue"
"1979","Pkn1",20,2,"blue"
"1980","Pkn2",196,1,"turquoise"
"1981","Pkp4",6,7,"black"
"1982","Pla2g16",6,15,"midnightblue"
"1983","Pla2g4b",8,7,"black"
"1984","Pla2g6",18,3,"brown"
"1985","Plag1",7,7,"black"
"1986","Plagl2",302,1,"turquoise"
"1987","Plbd2",164,2,"blue"
"1988","Plcd1",12,2,"blue"
"1989","Plch2",30,7,"black"
"1990","Pld3",3,8,"pink"
"1991","Plekha3",123,1,"turquoise"
"1992","Plekha5",38,2,"blue"
"1993","Plekhb1",13,11,"greenyellow"
"1994","Plekhg2",18,2,"blue"
"1995","Plekhg3",15,11,"greenyellow"
"1996","Plekhh1",18,14,"cyan"
"1997","Plekhm1",10,1,"turquoise"
"1998","Plekhm2",4,3,"brown"
"1999","Plekhm3",39,4,"yellow"
"2000","Pllp",5,11,"greenyellow"
"2001","Plp1",23,11,"greenyellow"
"2002","Plppr4",98,1,"turquoise"
"2003","Plxna1",32,4,"yellow"
"2004","Plxna3",5,3,"brown"
"2005","Plxnd1",6,2,"blue"
"2006","Pmepa1",62,1,"turquoise"
"2007","Pml",76,1,"turquoise"
"2008","Pmp22",12,14,"cyan"
"2009","Pmpca",36,2,"blue"
"2010","Pmpcb",31,12,"tan"
"2011","Pnck",23,4,"yellow"
"2012","Pnkd",25,2,"blue"
"2013","Pnma3",13,3,"brown"
"2014","Pnpla6",209,2,"blue"
"2015","Pnpla7",31,2,"blue"
"2016","Pnpla8",5,13,"salmon"
"2017","Pnrc1",317,1,"turquoise"
"2018","Pnrc2",429,1,"turquoise"
"2019","Podxl",9,17,"grey60"
"2020","Podxl2",2,8,"pink"
"2021","Pogk",82,1,"turquoise"
"2022","Polg",84,2,"blue"
"2023","Polh",6,5,"green"
"2024","Polr1a",141,1,"turquoise"
"2025","Polr1c",13,1,"turquoise"
"2026","Polr2b",4,5,"green"
"2027","Polr2d",18,1,"turquoise"
"2028","Polr2e",16,2,"blue"
"2029","Polr2f",5,2,"blue"
"2030","Polr3c",3,2,"blue"
"2031","Pomt1",17,2,"blue"
"2032","Pop1",263,1,"turquoise"
"2033","Pop4",154,2,"blue"
"2034","POU3F3",4,4,"yellow"
"2035","POU3F3_like",4,14,"cyan"
"2036","Ppcdc",9,2,"blue"
"2037","Ppdpf",36,2,"blue"
"2038","Ppfia2",12,4,"yellow"
"2039","Ppfia3",33,6,"red"
"2040","Ppfia4",20,3,"brown"
"2041","Ppib",121,2,"blue"
"2042","Ppid",9,4,"yellow"
"2043","Ppif",21,1,"turquoise"
"2044","Ppip5k1",6,6,"red"
"2045","Ppm1e",1,4,"yellow"
"2046","Ppm1m",21,1,"turquoise"
"2047","Ppme1",20,2,"blue"
"2048","Ppp1r12a",379,1,"turquoise"
"2049","Ppp1r14a",4,11,"greenyellow"
"2050","Ppp1r15a",14,10,"purple"
"2051","Ppp1r15b",221,1,"turquoise"
"2052","Ppp1r16a",39,2,"blue"
"2053","Ppp1r7",5,2,"blue"
"2054","Ppp1r8",22,1,"turquoise"
"2055","Ppp1r9a",5,3,"brown"
"2056","Ppp2r1a",21,8,"pink"
"2057","Ppp2r1b",392,1,"turquoise"
"2058","Ppp2r2b",86,2,"blue"
"2059","Ppp2r2c",4,6,"red"
"2060","Ppp2r5b",4,8,"pink"
"2061","Ppp4c",4,1,"turquoise"
"2062","Ppp4r3a",15,1,"turquoise"
"2063","PPP5C",85,2,"blue"
"2064","Pprc1",13,1,"turquoise"
"2065","Ppt2",5,4,"yellow"
"2066","Ppwd1",54,1,"turquoise"
"2067","Pqbp1",19,2,"blue"
"2068","Pqlc2",3,1,"turquoise"
"2069","Prcc",3,2,"blue"
"2070","Prdm2",284,1,"turquoise"
"2071","PRDM2_like_gene1607",151,1,"turquoise"
"2072","Prdx1",31,2,"blue"
"2073","Prdx2",64,2,"blue"
"2074","Prdx5",2,8,"pink"
"2075","Preb",159,1,"turquoise"
"2076","Prelid1",30,2,"blue"
"2077","Prelid3b",4,2,"blue"
"2078","Prepl",9,6,"red"
"2079","Prickle1",123,14,"cyan"
"2080","Prkaa2",42,1,"turquoise"
"2081","Prkaca",28,2,"blue"
"2082","Prkar1b",3,3,"brown"
"2083","Prkar2a",33,1,"turquoise"
"2084","Prkar2b",3,10,"purple"
"2085","Prkcb",5,6,"red"
"2086","Prkce",8,6,"red"
"2087","Prkcz",3,6,"red"
"2088","Prkrip1",141,1,"turquoise"
"2089","Prmt2",59,2,"blue"
"2090","Proca1",8,7,"black"
"2091","Proser1",414,1,"turquoise"
"2092","Prpf18",69,1,"turquoise"
"2093","Prpf3",15,1,"turquoise"
"2094","Prpf31",12,2,"blue"
"2095","Prpf40a",3,10,"purple"
"2096","Prpf40b",32,3,"brown"
"2097","Prpf8",117,2,"blue"
"2098","Prr14l",7,2,"blue"
"2099","PRR18_containing",22,11,"greenyellow"
"2100","Prr3",18,1,"turquoise"
"2101","Prr5l",13,14,"cyan"
"2102","Prrc1",51,1,"turquoise"
"2103","Prrt2",5,6,"red"
"2104","Prune1",11,12,"tan"
"2105","Prune2",8,9,"magenta"
"2106","Psap",25,2,"blue"
"2107","Psat1",3,15,"midnightblue"
"2108","Psd2",124,2,"blue"
"2109","Psen1",31,1,"turquoise"
"2110","Psenen",3,2,"blue"
"2111","Psma1",5,5,"green"
"2112","Psma3",63,2,"blue"
"2113","Psma4",40,2,"blue"
"2114","Psma5",10,2,"blue"
"2115","Psma6",8,2,"blue"
"2116","Psma7",68,2,"blue"
"2117","Psmb1",19,2,"blue"
"2118","Psmb2",57,2,"blue"
"2119","Psmb3",17,2,"blue"
"2120","Psmb4",48,2,"blue"
"2121","Psmb5",31,2,"blue"
"2122","Psmb6",145,2,"blue"
"2123","Psmb7",114,2,"blue"
"2124","Psmc1",11,2,"blue"
"2125","Psmc2",29,5,"green"
"2126","Psmc4",3,2,"blue"
"2127","Psmc6",13,5,"green"
"2128","Psmd12",10,5,"green"
"2129","Psmd13",62,2,"blue"
"2130","Psmd14",10,2,"blue"
"2131","Psmd2",99,2,"blue"
"2132","Psmd3",4,2,"blue"
"2133","Psmd4",9,2,"blue"
"2134","Psmd5",4,5,"green"
"2135","Psmd6",27,5,"green"
"2136","Psmd7",15,2,"blue"
"2137","Psmd8",42,2,"blue"
"2138","Psmd9",19,5,"green"
"2139","Psme1",22,2,"blue"
"2140","Ptcd1",269,1,"turquoise"
"2141","Ptch1",203,1,"turquoise"
"2142","Ptgds",7,16,"lightcyan"
"2143","Ptges2",4,2,"blue"
"2144","Ptgr2",32,3,"brown"
"2145","Pth1r",3,7,"black"
"2146","Ptov1",4,2,"blue"
"2147","Ptp4a2",31,2,"blue"
"2148","Ptpa",49,2,"blue"
"2149","Ptpn1",55,1,"turquoise"
"2150","Ptpn12",233,1,"turquoise"
"2151","Ptpn5",8,6,"red"
"2152","Ptpn9",10,4,"yellow"
"2153","Ptprd",15,11,"greenyellow"
"2154","Ptprg",53,2,"blue"
"2155","Ptprk",5,3,"brown"
"2156","Ptprm",45,3,"brown"
"2157","Ptprn2",10,7,"black"
"2158","Ptprt",14,3,"brown"
"2159","Pttg1ip",7,2,"blue"
"2160","Puf60",72,2,"blue"
"2161","Purb",45,1,"turquoise"
"2162","Pwp1",4,2,"blue"
"2163","Pwwp2a",381,1,"turquoise"
"2164","Pxdn",32,3,"brown"
"2165","Pxylp1",8,1,"turquoise"
"2166","Pycr2",27,2,"blue"
"2167","Pygo1",474,1,"turquoise"
"2168","Pygo2",192,1,"turquoise"
"2169","Qki",11,2,"blue"
"2170","Qrich1",122,2,"blue"
"2171","Qtrt2",3,1,"turquoise"
"2172","R3hcc1",69,2,"blue"
"2173","R3hcc1l",51,1,"turquoise"
"2174","R3hdm1",5,3,"brown"
"2175","R3hdm2",114,3,"brown"
"2176","Rab10",42,2,"blue"
"2177","Rab11fip1",154,1,"turquoise"
"2178","Rab11fip2",208,1,"turquoise"
"2179","Rab1b",47,2,"blue"
"2180","Rab21",14,1,"turquoise"
"2181","Rab23",225,1,"turquoise"
"2182","Rab35",10,1,"turquoise"
"2183","Rab3a",9,6,"red"
"2184","RAB3C_containing_gene3505",12,6,"red"
"2185","Rab40c",31,1,"turquoise"
"2186","Rab4a",11,2,"blue"
"2187","Rab4b",35,2,"blue"
"2188","Rab5b",15,2,"blue"
"2189","Rab5c",179,2,"blue"
"2190","Rab6a",2,10,"purple"
"2191","Rab7a",5,2,"blue"
"2192","Rab8b",11,1,"turquoise"
"2193","Rab9b",12,4,"yellow"
"2194","Rabep1",11,13,"salmon"
"2195","Rabgap1l",3,9,"magenta"
"2196","Rabl2b",3,2,"blue"
"2197","Rabl3",4,7,"black"
"2198","Rabl6",30,3,"brown"
"2199","Rack1",38,2,"blue"
"2200","Rad23a",8,2,"blue"
"2201","Rad23b",12,5,"green"
"2202","Radil",17,4,"yellow"
"2203","Rae1",12,5,"green"
"2204","Rala",17,5,"green"
"2205","Ralbp1",15,1,"turquoise"
"2206","Ralgapa1",5,3,"brown"
"2207","Ralgps1",107,4,"yellow"
"2208","RALYL_like_gene18440",2,9,"magenta"
"2209","Ramp3",5,2,"blue"
"2210","Ranbp10",23,1,"turquoise"
"2211","RANBP2_like",2,13,"salmon"
"2212","RAP1B",4,1,"turquoise"
"2213","Rapgef5",30,14,"cyan"
"2214","Rapgef6",4,3,"brown"
"2215","Raph1",7,1,"turquoise"
"2216","Rars2",7,2,"blue"
"2217","Rasa1",373,1,"turquoise"
"2218","Rasa3",6,2,"blue"
"2219","Rasd1",23,1,"turquoise"
"2220","Rasip1",13,2,"blue"
"2221","Rasl10b",2,2,"blue"
"2222","Rassf1",39,4,"yellow"
"2223","Rassf2",7,15,"midnightblue"
"2224","Rassf5",160,1,"turquoise"
"2225","Raver2",10,4,"yellow"
"2226","Rbbp5",24,1,"turquoise"
"2227","RBBP7",16,5,"green"
"2228","Rbfox1",14,6,"red"
"2229","Rbl2",328,1,"turquoise"
"2230","Rbm10",14,1,"turquoise"
"2231","Rbm12b",61,1,"turquoise"
"2232","Rbm14",73,1,"turquoise"
"2233","Rbm18",4,5,"green"
"2234","Rbm24",2,1,"turquoise"
"2235","Rbm25",14,3,"brown"
"2236","Rbm26",37,1,"turquoise"
"2237","Rbm27",6,1,"turquoise"
"2238","Rbm33",17,10,"purple"
"2239","Rbm34",3,1,"turquoise"
"2240","Rbm39",5,1,"turquoise"
"2241","RBM4_like",110,1,"turquoise"
"2242","Rbm42",3,5,"green"
"2243","RBM4B",201,1,"turquoise"
"2244","Rbmx",330,1,"turquoise"
"2245","Rbpj",114,1,"turquoise"
"2246","Rbsn",23,1,"turquoise"
"2247","Rcan2",6,6,"red"
"2248","Rcc1",11,1,"turquoise"
"2249","Rcc1l",264,1,"turquoise"
"2250","Rcor1",24,1,"turquoise"
"2251","Reep1",10,2,"blue"
"2252","Reep2",22,2,"blue"
"2253","Reep3",18,11,"greenyellow"
"2254","Rell1",3,11,"greenyellow"
"2255","Rell2",7,8,"pink"
"2256","Renbp",3,2,"blue"
"2257","Rer1",24,2,"blue"
"2258","Retreg2",69,2,"blue"
"2259","Rev3l",6,1,"turquoise"
"2260","Rexo4",8,1,"turquoise"
"2261","Rffl",19,1,"turquoise"
"2262","Rfng",5,2,"blue"
"2263","Rfwd3",536,1,"turquoise"
"2264","Rfx2",36,2,"blue"
"2265","Rfx5",6,5,"green"
"2266","Rfx7",5,1,"turquoise"
"2267","Rfxap",462,1,"turquoise"
"2268","Rgl3",4,2,"blue"
"2269","Rgma",333,2,"blue"
"2270","Rgs11",40,7,"black"
"2271","Rgs2",367,1,"turquoise"
"2272","Rgs8",7,4,"yellow"
"2273","Rhbdd2",2,2,"blue"
"2274","Rhbdd3",4,3,"brown"
"2275","Rhoa",85,2,"blue"
"2276","Rhog",7,15,"midnightblue"
"2277","Rhot2",3,3,"brown"
"2278","Rhou",4,14,"cyan"
"2279","Rhpn2",2,1,"turquoise"
"2280","Rictor",6,1,"turquoise"
"2281","Rif1",173,1,"turquoise"
"2282","Rilpl1",4,11,"greenyellow"
"2283","Rimklb",6,3,"brown"
"2284","Rin2",65,1,"turquoise"
"2285","Riok3",5,5,"green"
"2286","Rlbp1",6,2,"blue"
"2287","Rlim",12,1,"turquoise"
"2288","Rmnd5a",16,1,"turquoise"
"2289","Rmnd5b",11,1,"turquoise"
"2290","Rnd2",38,4,"yellow"
"2291","Rnf10",20,5,"green"
"2292","Rnf111",268,1,"turquoise"
"2293","Rnf113a",3,2,"blue"
"2294","Rnf114",62,1,"turquoise"
"2295","Rnf115",126,2,"blue"
"2296","Rnf121",6,1,"turquoise"
"2297","Rnf123",8,8,"pink"
"2298","Rnf130",39,1,"turquoise"
"2299","Rnf145",3,1,"turquoise"
"2300","Rnf149",12,1,"turquoise"
"2301","Rnf19a",3,1,"turquoise"
"2302","Rnf20",2,5,"green"
"2303","Rnf219",69,1,"turquoise"
"2304","Rnf220",4,17,"grey60"
"2305","Rnf24",69,1,"turquoise"
"2306","Rnf26",61,2,"blue"
"2307","Rnf32",37,3,"brown"
"2308","Rnf34",4,1,"turquoise"
"2309","Rnf4",42,1,"turquoise"
"2310","Rnf40",8,5,"green"
"2311","Rnf6",8,1,"turquoise"
"2312","Rnft2",42,3,"brown"
"2313","Rnh1",93,2,"blue"
"2314","Rnpep",20,5,"green"
"2315","Robo2",19,3,"brown"
"2316","Rogdi",3,8,"pink"
"2317","Romo1",5,2,"blue"
"2318","Rpain",18,4,"yellow"
"2319","Rpgrip1l",22,1,"turquoise"
"2320","Rpia",42,1,"turquoise"
"2321","Rpl10",4,2,"blue"
"2322","Rpl10a",24,2,"blue"
"2323","Rpl12",3,15,"midnightblue"
"2324","Rpl13",5,2,"blue"
"2325","Rpl15",14,2,"blue"
"2326","Rpl18",3,2,"blue"
"2327","Rpl18a",11,2,"blue"
"2328","Rpl19",76,2,"blue"
"2329","Rpl26",2,2,"blue"
"2330","Rpl26l1",4,5,"green"
"2331","Rpl27",6,2,"blue"
"2332","Rpl28",57,2,"blue"
"2333","Rpl29",7,2,"blue"
"2334","Rpl3",6,2,"blue"
"2335","Rpl31",4,2,"blue"
"2336","Rpl35",5,2,"blue"
"2337","Rpl36",50,2,"blue"
"2338","Rpl36al",29,2,"blue"
"2339","Rpl38",20,2,"blue"
"2340","RPL5_gene21166",7,15,"midnightblue"
"2341","Rpl7a",11,2,"blue"
"2342","Rpl7l1",29,1,"turquoise"
"2343","Rpl8",104,2,"blue"
"2344","Rpl9",7,2,"blue"
"2345","Rplp0",104,2,"blue"
"2346","Rpn2",6,2,"blue"
"2347","Rpp25l",222,1,"turquoise"
"2348","Rprd1b",18,1,"turquoise"
"2349","Rprd2",4,1,"turquoise"
"2350","Rps10",6,2,"blue"
"2351","Rps11",12,2,"blue"
"2352","Rps14",20,2,"blue"
"2353","Rps15",8,2,"blue"
"2354","Rps15a",21,2,"blue"
"2355","Rps17",70,2,"blue"
"2356","Rps18",6,2,"blue"
"2357","Rps19",3,2,"blue"
"2358","Rps2",74,2,"blue"
"2359","Rps26",27,2,"blue"
"2360","Rps28",15,2,"blue"
"2361","Rps5",5,2,"blue"
"2362","Rps6kb1",501,1,"turquoise"
"2363","Rps6kl1",55,7,"black"
"2364","Rptor",40,2,"blue"
"2365","Rraga",70,2,"blue"
"2366","Rragd",20,5,"green"
"2367","Rras2",138,1,"turquoise"
"2368","Rrbp1",3,2,"blue"
"2369","Rrn3",18,5,"green"
"2370","Rrp7a",81,1,"turquoise"
"2371","Rrp8",312,1,"turquoise"
"2372","Rsbn1",394,1,"turquoise"
"2373","Rsbn1l",396,1,"turquoise"
"2374","Rsf1",37,1,"turquoise"
"2375","Rsl1d1",7,5,"green"
"2376","Rspry1",341,1,"turquoise"
"2377","Rsrc2",170,1,"turquoise"
"2378","RSRP1_containing",257,1,"turquoise"
"2379","Rtca",6,2,"blue"
"2380","Rtcb",23,5,"green"
"2381","Rtf1",18,1,"turquoise"
"2382","Rtfdc1",75,2,"blue"
"2383","Rtkn",18,11,"greenyellow"
"2384","Rtl10",3,1,"turquoise"
"2385","Rtl5",102,4,"yellow"
"2386","Rtl6",23,1,"turquoise"
"2387","RTRAF_containing",2,5,"green"
"2388","Rubcn",96,1,"turquoise"
"2389","Rundc3a",8,8,"pink"
"2390","Runx1t1",124,1,"turquoise"
"2391","RYBP_like",298,1,"turquoise"
"2392","Ryr3",10,6,"red"
"2393","S100a1",4,11,"greenyellow"
"2394","S100a16",3,2,"blue"
"2395","S100a6",11,2,"blue"
"2396","Sacs",54,1,"turquoise"
"2397","Sall1",22,14,"cyan"
"2398","Samd15",169,1,"turquoise"
"2399","Samd8",297,1,"turquoise"
"2400","Samm50",5,2,"blue"
"2401","Sap18",11,12,"tan"
"2402","Sap30l",16,1,"turquoise"
"2403","Sar1b",4,2,"blue"
"2404","Sars",6,12,"tan"
"2405","Sass6",35,14,"cyan"
"2406","Sat1",8,2,"blue"
"2407","Satb1",7,4,"yellow"
"2408","Sav1",29,1,"turquoise"
"2409","Sbds",5,2,"blue"
"2410","Sbk1",25,1,"turquoise"
"2411","Sc5d",107,1,"turquoise"
"2412","Scaf11",21,1,"turquoise"
"2413","Scaf8",134,10,"purple"
"2414","Scamp1",3,6,"red"
"2415","SCD_containing_gene16211",5,7,"black"
"2416","SCD_like",7,11,"greenyellow"
"2417","Scg5",13,6,"red"
"2418","Scn2b",10,6,"red"
"2419","Scn7a",9,1,"turquoise"
"2420","Scpep1",9,13,"salmon"
"2421","Scrn1",3,0,"grey"
"2422","SCRN1_containing",4,0,"grey"
"2423","SCRN1_G16600",4,3,"brown"
"2424","Scrt1",2,4,"yellow"
"2425","Sdccag3",48,2,"blue"
"2426","Sdf4",91,2,"blue"
"2427","Sdhb",79,2,"blue"
"2428","Sdhc",34,2,"blue"
"2429","Sdk1",17,3,"brown"
"2430","Sdr42e1",5,2,"blue"
"2431","Sec11a",3,1,"turquoise"
"2432","Sec13",34,5,"green"
"2433","Sec14l1",3,1,"turquoise"
"2434","Sec14l5",12,11,"greenyellow"
"2435","Sec16a",8,1,"turquoise"
"2436","Sec22c",12,1,"turquoise"
"2437","Sec24c",7,1,"turquoise"
"2438","Sec61a1",4,5,"green"
"2439","Sec61a2",172,1,"turquoise"
"2440","Secisbp2",4,1,"turquoise"
"2441","Sel1l",3,9,"magenta"
"2442","Selenof",76,2,"blue"
"2443","Selenom",19,2,"blue"
"2444","Selenow",37,2,"blue"
"2445","Sem1",7,2,"blue"
"2446","Sema4c",8,4,"yellow"
"2447","Senp6",4,10,"purple"
"2448","Senp7",43,1,"turquoise"
"2449","Sept11",32,4,"yellow"
"2450","Sept2",19,2,"blue"
"2451","Sept4",17,11,"greenyellow"
"2452","Sept8",22,11,"greenyellow"
"2453","Sept9",4,2,"blue"
"2454","SEPT9_like",3,5,"green"
"2455","Serbp1",30,13,"salmon"
"2456","Serinc3",15,4,"yellow"
"2457","Serinc5",40,1,"turquoise"
"2458","SERP1",7,1,"turquoise"
"2459","SERPINA13P_like",9,2,"blue"
"2460","SERPINB8_like",3,2,"blue"
"2461","Serpind1",16,16,"lightcyan"
"2462","Serpinh1",20,1,"turquoise"
"2463","Sesn1",6,1,"turquoise"
"2464","Sesn3",3,5,"green"
"2465","Sestd1",32,1,"turquoise"
"2466","Setd1a",16,2,"blue"
"2467","Setd1b",25,1,"turquoise"
"2468","Setd3",12,2,"blue"
"2469","Setd7",249,1,"turquoise"
"2470","Setd9",18,1,"turquoise"
"2471","Setdb1",39,1,"turquoise"
"2472","Sez6",8,3,"brown"
"2473","Sez6l",16,6,"red"
"2474","Sez6l2",8,3,"brown"
"2475","Sf3a3",12,1,"turquoise"
"2476","Sf3b2",5,2,"blue"
"2477","Sfmbt1",8,4,"yellow"
"2478","Sfmbt2",61,1,"turquoise"
"2479","Sfxn5",4,8,"pink"
"2480","Sgcb",35,1,"turquoise"
"2481","Sgms1",24,1,"turquoise"
"2482","Sgsh",5,2,"blue"
"2483","Sgta",45,2,"blue"
"2484","Sh2b3",233,1,"turquoise"
"2485","Sh2d3c",11,6,"red"
"2486","Sh3bgrl3",4,2,"blue"
"2487","Sh3bp5l",203,1,"turquoise"
"2488","Sh3d19",214,1,"turquoise"
"2489","Sh3glb2",16,2,"blue"
"2490","Sh3tc2",4,14,"cyan"
"2491","Shank1",16,6,"red"
"2492","Shc2",3,6,"red"
"2493","SHC3_containing",4,6,"red"
"2494","Shisa2",6,1,"turquoise"
"2495","Shprh",201,1,"turquoise"
"2496","Shroom4",40,14,"cyan"
"2497","Sik1",18,4,"yellow"
"2498","Sike1",8,1,"turquoise"
"2499","Sil1",315,2,"blue"
"2500","Simc1",176,1,"turquoise"
"2501","Sipa1l2",4,1,"turquoise"
"2502","Sipa1l3",3,1,"turquoise"
"2503","Sirpa",5,17,"grey60"
"2504","Sirt1",3,1,"turquoise"
"2505","Sirt2",4,15,"midnightblue"
"2506","Sirt3",21,2,"blue"
"2507","Skil",102,1,"turquoise"
"2508","Skp1",2,9,"magenta"
"2509","Slc10a3",16,2,"blue"
"2510","Slc12a4",6,2,"blue"
"2511","Slc12a5",9,6,"red"
"2512","Slc13a3",5,16,"lightcyan"
"2513","Slc13a4",10,16,"lightcyan"
"2514","Slc16a12",4,16,"lightcyan"
"2515","Slc1a3",3,6,"red"
"2516","Slc20a1",5,1,"turquoise"
"2517","Slc20a2",3,3,"brown"
"2518","Slc22a17",1,3,"brown"
"2519","Slc22a5",257,1,"turquoise"
"2520","Slc22a6",9,16,"lightcyan"
"2521","Slc22a8",4,16,"lightcyan"
"2522","Slc24a3",18,6,"red"
"2523","Slc25a18",3,4,"yellow"
"2524","Slc25a23",2,6,"red"
"2525","Slc25a27",3,4,"yellow"
"2526","Slc25a30",255,1,"turquoise"
"2527","Slc25a4",329,2,"blue"
"2528","Slc25a42",100,1,"turquoise"
"2529","Slc25a44",10,4,"yellow"
"2530","Slc2a13",2,6,"red"
"2531","SLC2A14_containing",51,1,"turquoise"
"2532","SLC2A3",167,1,"turquoise"
"2533","Slc30a5",7,1,"turquoise"
"2534","Slc31a1",101,1,"turquoise"
"2535","Slc32a1",3,6,"red"
"2536","Slc35a1",193,1,"turquoise"
"2537","Slc35a3",79,1,"turquoise"
"2538","Slc35b1",155,2,"blue"
"2539","Slc35b2",3,1,"turquoise"
"2540","Slc35e1",17,1,"turquoise"
"2541","SLC35E2B_containing",3,1,"turquoise"
"2542","Slc35e4",93,1,"turquoise"
"2543","Slc35f5",10,1,"turquoise"
"2544","Slc35f6",125,2,"blue"
"2545","Slc36a1",187,1,"turquoise"
"2546","Slc38a10",3,2,"blue"
"2547","Slc38a2",324,1,"turquoise"
"2548","Slc38a3",25,17,"grey60"
"2549","Slc38a7",3,1,"turquoise"
"2550","Slc39a10",5,4,"yellow"
"2551","Slc39a12",4,7,"black"
"2552","Slc41a1",12,5,"green"
"2553","Slc44a1",7,11,"greenyellow"
"2554","Slc45a1",98,2,"blue"
"2555","Slc48a1",6,11,"greenyellow"
"2556","Slc4a10",6,3,"brown"
"2557","Slc4a1ap",25,2,"blue"
"2558","Slc4a2",5,2,"blue"
"2559","Slc4a3",7,3,"brown"
"2560","Slc4a4",70,3,"brown"
"2561","Slc52a2",34,2,"blue"
"2562","Slc5a11",5,11,"greenyellow"
"2563","Slc5a3",12,13,"salmon"
"2564","Slc6a1",18,2,"blue"
"2565","Slc6a11",62,7,"black"
"2566","Slc6a12",11,2,"blue"
"2567","Slc6a13",12,16,"lightcyan"
"2568","Slc6a7",5,4,"yellow"
"2569","Slc6a9",27,11,"greenyellow"
"2570","Slc7a2",62,7,"black"
"2571","Slc9a9",25,11,"greenyellow"
"2572","Slco1a2",8,11,"greenyellow"
"2573","Slco2b1",22,3,"brown"
"2574","Slco3a1",8,5,"green"
"2575","Slf2",58,1,"turquoise"
"2576","Slit1",5,6,"red"
"2577","Slitrk2",14,14,"cyan"
"2578","Slitrk5",69,4,"yellow"
"2579","Slmap",9,1,"turquoise"
"2580","Smad4",26,1,"turquoise"
"2581","Smad5",151,1,"turquoise"
"2582","Smad7",105,1,"turquoise"
"2583","Smap2",3,2,"blue"
"2584","Smarca4",5,12,"tan"
"2585","Smarca5",3,1,"turquoise"
"2586","Smarcad1",21,1,"turquoise"
"2587","Smarcc2",36,7,"black"
"2588","Smarcd2",14,1,"turquoise"
"2589","Smarce1",429,1,"turquoise"
"2590","Smchd1",4,1,"turquoise"
"2591","Smcr8",8,1,"turquoise"
"2592","Smg1",232,4,"yellow"
"2593","Smg9",5,2,"blue"
"2594","Smim15",8,1,"turquoise"
"2595","Smim17",2,6,"red"
"2596","Smim20",41,2,"blue"
"2597","Smim4",4,2,"blue"
"2598","Smndc1",202,1,"turquoise"
"2599","Smoc1",13,2,"blue"
"2600","Smpd1",19,2,"blue"
"2601","Smpd3",5,5,"green"
"2602","Smurf1",45,1,"turquoise"
"2603","Smurf2",19,1,"turquoise"
"2604","Snap23",27,1,"turquoise"
"2605","Snap25",14,6,"red"
"2606","Snapc3",14,1,"turquoise"
"2607","Sncb",12,6,"red"
"2608","Snd1",27,2,"blue"
"2609","Snip1",340,1,"turquoise"
"2610","SNRNP200",51,2,"blue"
"2611","Snrnp25",13,2,"blue"
"2612","Snrnp40",15,2,"blue"
"2613","Snrpb2",21,5,"green"
"2614","Snrpd2",51,2,"blue"
"2615","Snrpd3",11,2,"blue"
"2616","Snrpn",4,8,"pink"
"2617","Sntg1",4,3,"brown"
"2618","Snurf",5,8,"pink"
"2619","Snx11",91,1,"turquoise"
"2620","Snx14",5,10,"purple"
"2621","Snx17",84,2,"blue"
"2622","Snx18",33,1,"turquoise"
"2623","Snx8",10,1,"turquoise"
"2624","Socs4",166,1,"turquoise"
"2625","Socs7",5,1,"turquoise"
"2626","Sod1",75,2,"blue"
"2627","Sod2",9,12,"tan"
"2628","Son",17,10,"purple"
"2629","Sorcs2",28,6,"red"
"2630","Sorl1",6,4,"yellow"
"2631","Sort1",3,14,"cyan"
"2632","SOX11_G8196",235,4,"yellow"
"2633","Sox8",23,14,"cyan"
"2634","Sp1",169,1,"turquoise"
"2635","Sp2",179,2,"blue"
"2636","Sp4",34,1,"turquoise"
"2637","SPAG16_like_gene14654",6,3,"brown"
"2638","Spag7",266,2,"blue"
"2639","Sparcl1",9,7,"black"
"2640","Spcs1",20,2,"blue"
"2641","Specc1l",37,1,"turquoise"
"2642","Spen",377,1,"turquoise"
"2643","Spg11",18,9,"magenta"
"2644","Spg7",147,2,"blue"
"2645","SPINDOC_containing",15,1,"turquoise"
"2646","Spock2",3,8,"pink"
"2647","SPOCK3_like",3,7,"black"
"2648","Spop",54,4,"yellow"
"2649","Spopl",5,1,"turquoise"
"2650","Sppl2b",3,3,"brown"
"2651","Spred1",17,1,"turquoise"
"2652","Sprtn",243,1,"turquoise"
"2653","Spryd3",14,6,"red"
"2654","Spryd4",242,1,"turquoise"
"2655","Spryd7",5,2,"blue"
"2656","Sptan1",3,7,"black"
"2657","Sptb",5,6,"red"
"2658","Spty2d1",325,1,"turquoise"
"2659","Sqstm1",25,5,"green"
"2660","Srcin1",4,7,"black"
"2661","Srebf1",63,2,"blue"
"2662","Srf",154,1,"turquoise"
"2663","Srrm2",11,7,"black"
"2664","Srsf1",248,1,"turquoise"
"2665","Srsf10",431,1,"turquoise"
"2666","Srsf2",4,4,"yellow"
"2667","Srsf3",261,1,"turquoise"
"2668","SRSF3_G17416",21,1,"turquoise"
"2669","Srsf4",124,4,"yellow"
"2670","Srsf5",160,2,"blue"
"2671","Srsf6",162,1,"turquoise"
"2672","Srsf7",428,1,"turquoise"
"2673","Ssh1",109,1,"turquoise"
"2674","Ssh2",25,1,"turquoise"
"2675","Ssr3",3,5,"green"
"2676","Sstr1",18,4,"yellow"
"2677","Ssu72",197,2,"blue"
"2678","St3gal2",13,4,"yellow"
"2679","St3gal4",5,11,"greenyellow"
"2680","St3gal5",3,2,"blue"
"2681","St3gal6",49,1,"turquoise"
"2682","St6galnac3",21,11,"greenyellow"
"2683","St6galnac6",86,2,"blue"
"2684","St8sia5",1,1,"turquoise"
"2685","Stag2",70,1,"turquoise"
"2686","Stam",5,1,"turquoise"
"2687","Stam2",12,1,"turquoise"
"2688","Stard10",97,2,"blue"
"2689","Stard13",61,14,"cyan"
"2690","Stard7",41,5,"green"
"2691","Stip1",17,4,"yellow"
"2692","Stk11",56,2,"blue"
"2693","Stk16",35,2,"blue"
"2694","Stk38",169,1,"turquoise"
"2695","Stk38l",212,1,"turquoise"
"2696","Stk4",396,1,"turquoise"
"2697","Stk40",11,1,"turquoise"
"2698","Stmn2",4,9,"magenta"
"2699","Stmn3",4,6,"red"
"2700","Stmn4",23,7,"black"
"2701","Ston2",7,1,"turquoise"
"2702","Strap",4,5,"green"
"2703","Strn3",330,1,"turquoise"
"2704","Stt3a",15,1,"turquoise"
"2705","Stx16",5,7,"black"
"2706","Stx6",336,1,"turquoise"
"2707","Suclg1",2,12,"tan"
"2708","Sugt1",27,5,"green"
"2709","Sult4a1",7,8,"pink"
"2710","Sumf1",83,2,"blue"
"2711","Sun1",427,1,"turquoise"
"2712","Supt16h",15,5,"green"
"2713","Supt3h",8,3,"brown"
"2714","Surf4",43,5,"green"
"2715","Susd6",78,1,"turquoise"
"2716","Sv2a",4,8,"pink"
"2717","Sv2c",5,4,"yellow"
"2718","Swi5",116,2,"blue"
"2719","Syngr1",9,8,"pink"
"2720","Syngr3",39,6,"red"
"2721","Syp",14,6,"red"
"2722","Syt1",12,6,"red"
"2723","Syt10",89,1,"turquoise"
"2724","Syvn1",3,2,"blue"
"2725","Szt2",28,3,"brown"
"2726","Tab2",18,1,"turquoise"
"2727","Tab3",12,1,"turquoise"
"2728","Tacc1",131,1,"turquoise"
"2729","TACO1_containing",471,1,"turquoise"
"2730","Tada2b",8,1,"turquoise"
"2731","Taf11",19,3,"brown"
"2732","Taf1d",327,1,"turquoise"
"2733","Taf9",30,2,"blue"
"2734","Tagln2",14,5,"green"
"2735","Tagln3",4,8,"pink"
"2736","Taldo1",25,2,"blue"
"2737","Taok2",8,1,"turquoise"
"2738","Tapbp",6,2,"blue"
"2739","Tarbp1",2,1,"turquoise"
"2740","Tardbp",42,1,"turquoise"
"2741","Tars",14,1,"turquoise"
"2742","Tatdn1",3,2,"blue"
"2743","Tatdn3",11,2,"blue"
"2744","Tax1bp3",66,1,"turquoise"
"2745","Tbc1d10a",5,2,"blue"
"2746","Tbc1d10b",96,1,"turquoise"
"2747","Tbc1d17",61,2,"blue"
"2748","Tbc1d20",263,2,"blue"
"2749","Tbc1d25",3,2,"blue"
"2750","Tbc1d5",39,3,"brown"
"2751","Tbc1d9",4,6,"red"
"2752","Tbca",61,2,"blue"
"2753","Tbcd",37,3,"brown"
"2754","Tbkbp1",67,4,"yellow"
"2755","Tbl2",96,1,"turquoise"
"2756","Tbpl1",247,1,"turquoise"
"2757","Tbxas1",14,2,"blue"
"2758","Tcea2",28,6,"red"
"2759","Tceal3",2,9,"magenta"
"2760","Tceal7",6,9,"magenta"
"2761","Tcerg1",4,10,"purple"
"2762","Tcf12",3,1,"turquoise"
"2763","Tcf25",4,6,"red"
"2764","Tchp",21,1,"turquoise"
"2765","Tdg",345,1,"turquoise"
"2766","Tead1",13,1,"turquoise"
"2767","Tecpr1",52,2,"blue"
"2768","Tenm1",49,3,"brown"
"2769","Tenm2",25,3,"brown"
"2770","Tesk2",10,4,"yellow"
"2771","Tet2",157,1,"turquoise"
"2772","Tex264",10,2,"blue"
"2773","TF",14,15,"midnightblue"
"2774","Tfe3",10,2,"blue"
"2775","Tfip11",81,1,"turquoise"
"2776","Tfrc",17,2,"blue"
"2777","Tgfb3",31,7,"black"
"2778","Tgfbr1",4,1,"turquoise"
"2779","Tgs1",192,1,"turquoise"
"2780","Thap5",248,1,"turquoise"
"2781","Thap7",3,2,"blue"
"2782","Thop1",9,5,"green"
"2783","Thrap3",11,1,"turquoise"
"2784","Thrb",25,1,"turquoise"
"2785","Thsd7b",6,7,"black"
"2786","Thumpd1",5,1,"turquoise"
"2787","Thumpd3",137,1,"turquoise"
"2788","Thy1",11,6,"red"
"2789","Tigd7",4,4,"yellow"
"2790","Timm13",4,2,"blue"
"2791","Timm17a",8,12,"tan"
"2792","Timm29",12,5,"green"
"2793","Timp1",12,2,"blue"
"2794","Timp2",20,2,"blue"
"2795","Timp3",26,2,"blue"
"2796","Tiparp",341,1,"turquoise"
"2797","Tjp1",316,1,"turquoise"
"2798","Tk2",8,2,"blue"
"2799","Tkfc",13,2,"blue"
"2800","Tkt",77,2,"blue"
"2801","Tle3",68,1,"turquoise"
"2802","Tln2",16,6,"red"
"2803","Tm9sf4",19,3,"brown"
"2804","Tmc6",3,2,"blue"
"2805","Tmcc3",35,1,"turquoise"
"2806","Tmco1",105,2,"blue"
"2807","Tmem110",8,1,"turquoise"
"2808","Tmem121b",16,2,"blue"
"2809","Tmem125",3,14,"cyan"
"2810","Tmem131",10,10,"purple"
"2811","Tmem145",5,6,"red"
"2812","Tmem147",23,2,"blue"
"2813","Tmem14c",6,2,"blue"
"2814","Tmem151b",48,4,"yellow"
"2815","Tmem170a",281,1,"turquoise"
"2816","Tmem175",172,2,"blue"
"2817","Tmem18",4,2,"blue"
"2818","Tmem181",5,1,"turquoise"
"2819","TMEM198B_containing",6,4,"yellow"
"2820","Tmem2",354,1,"turquoise"
"2821","Tmem208",5,2,"blue"
"2822","Tmem219",63,2,"blue"
"2823","Tmem229b",199,1,"turquoise"
"2824","Tmem248",60,2,"blue"
"2825","Tmem257",73,4,"yellow"
"2826","Tmem260",7,4,"yellow"
"2827","Tmem33",2,1,"turquoise"
"2828","Tmem43",14,5,"green"
"2829","Tmem50b",10,1,"turquoise"
"2830","Tmem59l",5,6,"red"
"2831","Tmem63b",23,3,"brown"
"2832","Tmem67",6,4,"yellow"
"2833","Tmem74b",6,4,"yellow"
"2834","Tmem87b",7,5,"green"
"2835","Tmem88b",6,11,"greenyellow"
"2836","Tmem9",17,2,"blue"
"2837","Tmem94",22,3,"brown"
"2838","Tmem98",13,14,"cyan"
"2839","TMSB4X_G3417",5,15,"midnightblue"
"2840","Tmtc2",4,2,"blue"
"2841","Tmtc3",301,1,"turquoise"
"2842","Tmx2",6,2,"blue"
"2843","Tnfrsf19",3,1,"turquoise"
"2844","Tnfsf12",7,17,"grey60"
"2845","Tnik",2,1,"turquoise"
"2846","Tnks",16,1,"turquoise"
"2847","Tnks2",183,1,"turquoise"
"2848","Tnpo1",179,1,"turquoise"
"2849","Tnrc6a",155,1,"turquoise"
"2850","Tnrc6b",232,1,"turquoise"
"2851","Tns2",17,11,"greenyellow"
"2852","Tob2",148,1,"turquoise"
"2853","Togaram1",18,4,"yellow"
"2854","Tollip",71,2,"blue"
"2855","Tom1l2",5,8,"pink"
"2856","Top1",322,1,"turquoise"
"2857","TOR1AIP2_containing",95,1,"turquoise"
"2858","Tox4",45,1,"turquoise"
"2859","Tp53inp2",54,4,"yellow"
"2860","Tpcn1",5,2,"blue"
"2861","Tpd52l2",3,2,"blue"
"2862","Tpgs1",3,2,"blue"
"2863","Tpi1",12,2,"blue"
"2864","Tpm4",36,4,"yellow"
"2865","Tppp",101,4,"yellow"
"2866","Tpr",3,5,"green"
"2867","Tprg1l",46,2,"blue"
"2868","Tpt1",8,2,"blue"
"2869","Tra2a",28,1,"turquoise"
"2870","Trabd",30,4,"yellow"
"2871","Traf3",96,1,"turquoise"
"2872","Traf7",61,1,"turquoise"
"2873","Trafd1",6,4,"yellow"
"2874","Trak2",3,11,"greenyellow"
"2875","Tram1",3,1,"turquoise"
"2876","Trappc10",175,2,"blue"
"2877","Trappc12",70,2,"blue"
"2878","Trappc9",24,2,"blue"
"2879","Trim23",193,1,"turquoise"
"2880","Trim25",3,1,"turquoise"
"2881","TRIM26_containing",169,1,"turquoise"
"2882","Trim27",39,1,"turquoise"
"2883","Trim28",43,1,"turquoise"
"2884","Trim32",314,1,"turquoise"
"2885","Trim44",4,9,"magenta"
"2886","Trim56",8,5,"green"
"2887","Trim59",16,14,"cyan"
"2888","Trim66",29,2,"blue"
"2889","Trim8",61,2,"blue"
"2890","Trio",67,1,"turquoise"
"2891","Trip12",3,5,"green"
"2892","Trmt10c",176,1,"turquoise"
"2893","Trmt11",11,10,"purple"
"2894","Trmt112",29,2,"blue"
"2895","Trmt12",4,1,"turquoise"
"2896","Trmt1l",126,1,"turquoise"
"2897","Trmt5",23,1,"turquoise"
"2898","Trove2",185,1,"turquoise"
"2899","Trpc4ap",118,10,"purple"
"2900","Tsc2",313,2,"blue"
"2901","Tsc22d3",146,1,"turquoise"
"2902","Tsen54",14,1,"turquoise"
"2903","Tsfm",6,5,"green"
"2904","Tshz2",194,2,"blue"
"2905","TSHZ2_G30132",37,4,"yellow"
"2906","Tsnare1",9,1,"turquoise"
"2907","Tspan3",66,2,"blue"
"2908","Tspoap1",3,7,"black"
"2909","Tspyl4",10,6,"red"
"2910","Tsr3",47,2,"blue"
"2911","Tsta3",3,3,"brown"
"2912","Ttc14",3,6,"red"
"2913","Ttc17",90,1,"turquoise"
"2914","Ttc21b",271,1,"turquoise"
"2915","Ttc3",5,3,"brown"
"2916","Ttc31",10,1,"turquoise"
"2917","Ttc37",34,1,"turquoise"
"2918","Ttc7b",23,6,"red"
"2919","Ttc9",11,1,"turquoise"
"2920","Ttll1",17,3,"brown"
"2921","Ttll7",3,14,"cyan"
"2922","Tub",10,1,"turquoise"
"2923","Tuba1a",289,2,"blue"
"2924","TUBA1B",10,2,"blue"
"2925","TUBA1B_like",107,2,"blue"
"2926","Tuba1c",10,2,"blue"
"2927","Tuba4a",7,2,"blue"
"2928","Tuba8",65,2,"blue"
"2929","Tubb",38,2,"blue"
"2930","TUBB2A",118,2,"blue"
"2931","TUBB2B_gene10683",33,2,"blue"
"2932","Tubb3",16,2,"blue"
"2933","Tubb4a",16,2,"blue"
"2934","Tubb4b",39,2,"blue"
"2935","TUBG2",12,2,"blue"
"2936","Tubgcp2",137,2,"blue"
"2937","Tubgcp5",8,1,"turquoise"
"2938","Tufm",2,12,"tan"
"2939","TUG1_containing",202,1,"turquoise"
"2940","Tusc2",5,2,"blue"
"2941","Tut1",2,2,"blue"
"2942","TVP23B",91,1,"turquoise"
"2943","Twistnb",411,1,"turquoise"
"2944","Txlna",74,1,"turquoise"
"2945","Txn",51,2,"blue"
"2946","Txn2",76,2,"blue"
"2947","Txndc17",38,2,"blue"
"2948","Txnip",43,10,"purple"
"2949","Txnl1",12,5,"green"
"2950","Txnl4b",77,1,"turquoise"
"2951","Txnrd1",36,5,"green"
"2952","Tyk2",14,3,"brown"
"2953","Tyro3",3,11,"greenyellow"
"2954","U2surp",20,1,"turquoise"
"2955","Uap1l1",117,1,"turquoise"
"2956","Uba1",50,2,"blue"
"2957","Uba52",2,2,"blue"
"2958","Ubac1",26,2,"blue"
"2959","Ubap1l",92,1,"turquoise"
"2960","Ubap2l",26,1,"turquoise"
"2961","Ubc",327,2,"blue"
"2962","Ube2a",2,5,"green"
"2963","Ube2b",4,5,"green"
"2964","Ube2g2",20,5,"green"
"2965","Ube2h",2,5,"green"
"2966","Ube2k",14,12,"tan"
"2967","Ube2l3",4,2,"blue"
"2968","Ube2s",18,2,"blue"
"2969","Ube2v1",185,2,"blue"
"2970","Ube2w",165,1,"turquoise"
"2971","Ube3c",19,1,"turquoise"
"2972","Ube4b",10,5,"green"
"2973","Ubfd1",3,1,"turquoise"
"2974","Ubl5",4,2,"blue"
"2975","Ubn1",97,1,"turquoise"
"2976","Ubn2",50,1,"turquoise"
"2977","Ubox5",20,1,"turquoise"
"2978","Ubqln1",6,13,"salmon"
"2979","Ubr7",12,1,"turquoise"
"2980","Ubxn1",7,2,"blue"
"2981","Ubxn2a",140,1,"turquoise"
"2982","Ubxn2b",4,1,"turquoise"
"2983","Ubxn4",24,5,"green"
"2984","Ubxn6",77,2,"blue"
"2985","Uchl1",4,8,"pink"
"2986","Uchl3",8,2,"blue"
"2987","Uck2",81,1,"turquoise"
"2988","Uckl1",5,7,"black"
"2989","Ugcg",8,1,"turquoise"
"2990","Ugdh",414,1,"turquoise"
"2991","Ugt8",12,14,"cyan"
"2992","Umps",7,1,"turquoise"
"2993","Unc119",7,3,"brown"
"2994","Unc119b",116,1,"turquoise"
"2995","Unc13c",74,6,"red"
"2996","Unc5a",2,1,"turquoise"
"2997","Unc5b",3,14,"cyan"
"2998","Unc5c",19,1,"turquoise"
"2999","Unc80",16,6,"red"
"3000","Unkl",53,1,"turquoise"
"3001","Upf1",209,1,"turquoise"
"3002","Upf2",122,4,"yellow"
"3003","UQCR10",99,2,"blue"
"3004","UQCRC1",35,2,"blue"
"3005","UQCRC2",91,2,"blue"
"3006","UQCRFS1_like_gene13576",81,2,"blue"
"3007","Uri1",288,2,"blue"
"3008","Urod",54,2,"blue"
"3009","Usf3",47,1,"turquoise"
"3010","Usmg5",17,2,"blue"
"3011","Usp15",37,1,"turquoise"
"3012","Usp30",2,2,"blue"
"3013","Usp37",458,1,"turquoise"
"3014","Usp38",377,1,"turquoise"
"3015","Usp39",8,2,"blue"
"3016","Usp4",5,2,"blue"
"3017","Usp42",32,1,"turquoise"
"3018","Usp5",64,2,"blue"
"3019","Usp51",164,1,"turquoise"
"3020","Usp54",10,1,"turquoise"
"3021","Usp8",30,1,"turquoise"
"3022","Uspl1",242,1,"turquoise"
"3023","Utp11",3,1,"turquoise"
"3024","Utp15",39,1,"turquoise"
"3025","Utrn",10,6,"red"
"3026","Uvssa",4,2,"blue"
"3027","Uxs1",3,0,"grey"
"3028","Vac14",56,2,"blue"
"3029","Vamp2",8,6,"red"
"3030","Vamp4",4,10,"purple"
"3031","Vapa",26,5,"green"
"3032","Vapb",94,2,"blue"
"3033","Vars",30,2,"blue"
"3034","Vash1",9,11,"greenyellow"
"3035","Vcl",6,1,"turquoise"
"3036","Vcp",37,2,"blue"
"3037","Vcpip1",16,1,"turquoise"
"3038","Vdac2",7,2,"blue"
"3039","Vdac3",18,2,"blue"
"3040","Vgll4",43,1,"turquoise"
"3041","Vim",10,2,"blue"
"3042","Vkorc1l1",37,1,"turquoise"
"3043","Vldlr",151,1,"turquoise"
"3044","Vps11",20,2,"blue"
"3045","Vps13a",7,1,"turquoise"
"3046","Vps25",4,2,"blue"
"3047","Vps28",158,2,"blue"
"3048","Vps29",11,2,"blue"
"3049","VPS35L",214,2,"blue"
"3050","Vps4a",5,2,"blue"
"3051","Vps51",40,2,"blue"
"3052","Vps54",44,1,"turquoise"
"3053","Vps8",7,3,"brown"
"3054","Vsnl1",9,6,"red"
"3055","Vwa1",2,11,"greenyellow"
"3056","VWA8",10,3,"brown"
"3057","Wapl",17,1,"turquoise"
"3058","Wars",40,2,"blue"
"3059","Wasf2",43,1,"turquoise"
"3060","WASHC2C",5,12,"tan"
"3061","Washc4",10,1,"turquoise"
"3062","Washc5",5,13,"salmon"
"3063","Wbp11",6,2,"blue"
"3064","Wbp1l",11,1,"turquoise"
"3065","Wbp2",184,2,"blue"
"3066","Wdfy1",6,5,"green"
"3067","Wdr1",45,2,"blue"
"3068","Wdr36",7,1,"turquoise"
"3069","Wdr45",9,2,"blue"
"3070","Wdr48",7,5,"green"
"3071","Wdr6",8,2,"blue"
"3072","Wdr7",27,9,"magenta"
"3073","Wdr73",3,2,"blue"
"3074","Wdr77",5,2,"blue"
"3075","Wdr91",226,1,"turquoise"
"3076","Wdr92",36,1,"turquoise"
"3077","Wee1",185,1,"turquoise"
"3078","Wfikkn1",163,1,"turquoise"
"3079","Wnk4",5,7,"black"
"3080","Wnt5a",3,4,"yellow"
"3081","Wnt9a",94,1,"turquoise"
"3082","Wrb",5,2,"blue"
"3083","Wsb1",35,7,"black"
"3084","Wscd1",10,2,"blue"
"3085","Xab2",4,1,"turquoise"
"3086","Xbp1",9,1,"turquoise"
"3087","Xpa",10,2,"blue"
"3088","Xpnpep3",4,1,"turquoise"
"3089","Xpo1",2,13,"salmon"
"3090","Xpo5",8,1,"turquoise"
"3091","Xpo7",11,1,"turquoise"
"3092","Xpot",17,2,"blue"
"3093","Xpr1",60,1,"turquoise"
"3094","Xrcc4",4,2,"blue"
"3095","Ybx1",31,2,"blue"
"3096","Yeats2",289,1,"turquoise"
"3097","Yipf3",4,2,"blue"
"3098","Yipf5",10,5,"green"
"3099","Ykt6",58,2,"blue"
"3100","Yme1l1",17,2,"blue"
"3101","Yod1",391,1,"turquoise"
"3102","Ypel1",155,4,"yellow"
"3103","Ypel5",4,4,"yellow"
"3104","Yrdc",50,2,"blue"
"3105","Ythdc1",488,1,"turquoise"
"3106","Ythdf1",28,5,"green"
"3107","Ythdf3",414,1,"turquoise"
"3108","Ywhae",2,9,"magenta"
"3109","Ywhag",8,6,"red"
"3110","Ywhaq",2,10,"purple"
"3111","YWHAQ_gene11745",3,2,"blue"
"3112","Zbed4",163,1,"turquoise"
"3113","Zbed6",42,1,"turquoise"
"3114","ZBED8",67,1,"turquoise"
"3115","Zbtb1",21,4,"yellow"
"3116","Zbtb11",219,1,"turquoise"
"3117","Zbtb20",3,14,"cyan"
"3118","Zbtb21",98,4,"yellow"
"3119","Zbtb22",123,2,"blue"
"3120","Zbtb24",14,1,"turquoise"
"3121","Zbtb33",144,1,"turquoise"
"3122","Zbtb34",529,1,"turquoise"
"3123","Zbtb37",227,1,"turquoise"
"3124","ZBTB37_like",250,1,"turquoise"
"3125","Zbtb39",135,1,"turquoise"
"3126","Zbtb41",414,1,"turquoise"
"3127","Zbtb44",25,1,"turquoise"
"3128","Zbtb45",3,4,"yellow"
"3129","Zbtb46",211,1,"turquoise"
"3130","Zbtb47",14,11,"greenyellow"
"3131","Zbtb5",235,1,"turquoise"
"3132","Zbtb6",33,1,"turquoise"
"3133","Zbtb7a",185,1,"turquoise"
"3134","Zbtb8a",45,1,"turquoise"
"3135","Zc3h10",267,1,"turquoise"
"3136","Zc3h11a",90,1,"turquoise"
"3137","Zc3h12c",137,1,"turquoise"
"3138","Zcchc2",290,1,"turquoise"
"3139","ZCCHC3",383,1,"turquoise"
"3140","Zcchc6",7,1,"turquoise"
"3141","Zdhhc15",49,1,"turquoise"
"3142","Zdhhc3",8,2,"blue"
"3143","Zdhhc5",12,1,"turquoise"
"3144","Zeb2",14,14,"cyan"
"3145","Zfand3",5,5,"green"
"3146","Zfand5",8,4,"yellow"
"3147","Zfc3h1",8,1,"turquoise"
"3148","Zfhx2",297,1,"turquoise"
"3149","Zfhx4",133,1,"turquoise"
"3150","Zfp1",49,1,"turquoise"
"3151","Zfp28",6,2,"blue"
"3152","Zfp3",463,1,"turquoise"
"3153","Zfp30",258,1,"turquoise"
"3154","Zfp36",3,10,"purple"
"3155","Zfp36l2",102,2,"blue"
"3156","Zfp41",5,2,"blue"
"3157","Zfp62",480,1,"turquoise"
"3158","Zfpm2",140,2,"blue"
"3159","Zfyve1",37,1,"turquoise"
"3160","Zfyve21",4,1,"turquoise"
"3161","Zfyve27",21,2,"blue"
"3162","Zhx1",11,4,"yellow"
"3163","ZIK1_containing",491,1,"turquoise"
"3164","Zkscan1",133,1,"turquoise"
"3165","Zkscan8",426,1,"turquoise"
"3166","Zmat1",3,3,"brown"
"3167","Zmym2",395,1,"turquoise"
"3168","Zmym4",99,4,"yellow"
"3169","Zmym6",7,4,"yellow"
"3170","Znf10",11,3,"brown"
"3171","ZNF112",195,1,"turquoise"
"3172","Znf12",428,1,"turquoise"
"3173","ZNF121_containing_gene18001",4,1,"turquoise"
"3174","Znf131",218,1,"turquoise"
"3175","Znf134",42,1,"turquoise"
"3176","Znf14",5,1,"turquoise"
"3177","Znf140",220,1,"turquoise"
"3178","Znf142",177,1,"turquoise"
"3179","ZNF146_containing",178,1,"turquoise"
"3180","Znf16",24,4,"yellow"
"3181","Znf174",47,1,"turquoise"
"3182","Znf180",144,1,"turquoise"
"3183","Znf181",53,1,"turquoise"
"3184","Znf189",328,1,"turquoise"
"3185","Znf197",435,1,"turquoise"
"3186","Znf2",115,1,"turquoise"
"3187","Znf202",72,1,"turquoise"
"3188","ZNF208_containing_G9075",315,1,"turquoise"
"3189","ZNF208_like_gene25907",54,1,"turquoise"
"3190","Znf214",17,1,"turquoise"
"3191","Znf22",276,1,"turquoise"
"3192","ZNF227",383,1,"turquoise"
"3193","Znf236",13,7,"black"
"3194","Znf24",15,1,"turquoise"
"3195","Znf263",37,1,"turquoise"
"3196","Znf276",186,1,"turquoise"
"3197","Znf277",21,2,"blue"
"3198","Znf280b",472,1,"turquoise"
"3199","Znf280c",7,10,"purple"
"3200","Znf280d",3,4,"yellow"
"3201","Znf281",289,1,"turquoise"
"3202","Znf282",398,1,"turquoise"
"3203","ZNF284_containing",463,1,"turquoise"
"3204","Znf286a",47,4,"yellow"
"3205","Znf287",32,1,"turquoise"
"3206","Znf292",12,1,"turquoise"
"3207","Znf3",35,1,"turquoise"
"3208","Znf319",5,1,"turquoise"
"3209","Znf324",71,1,"turquoise"
"3210","Znf326",57,1,"turquoise"
"3211","Znf334",23,1,"turquoise"
"3212","Znf35",35,1,"turquoise"
"3213","ZNF354B_containing",41,1,"turquoise"
"3214","ZNF354C",499,1,"turquoise"
"3215","Znf358",4,17,"grey60"
"3216","Znf366",7,1,"turquoise"
"3217","Znf385c",3,3,"brown"
"3218","ZNF391_containing",8,4,"yellow"
"3219","Znf397",219,1,"turquoise"
"3220","Znf410",8,1,"turquoise"
"3221","ZNF416_like",143,1,"turquoise"
"3222","ZNF43_containing",435,1,"turquoise"
"3223","Znf436",100,1,"turquoise"
"3224","Znf438",2,14,"cyan"
"3225","Znf445",109,1,"turquoise"
"3226","Znf48",56,1,"turquoise"
"3227","Znf496",3,2,"blue"
"3228","Znf507",247,1,"turquoise"
"3229","Znf518a",285,1,"turquoise"
"3230","Znf518b",39,1,"turquoise"
"3231","Znf521",10,3,"brown"
"3232","Znf532",26,4,"yellow"
"3233","Znf567",181,1,"turquoise"
"3234","Znf574",33,1,"turquoise"
"3235","Znf592",66,1,"turquoise"
"3236","Znf618",11,4,"yellow"
"3237","Znf623",184,1,"turquoise"
"3238","ZNF625_containing_gene17992",47,1,"turquoise"
"3239","ZNF625_containing_gene17998",42,1,"turquoise"
"3240","Znf628",389,2,"blue"
"3241","Znf629",408,1,"turquoise"
"3242","Znf641",117,1,"turquoise"
"3243","Znf644",423,1,"turquoise"
"3244","Znf646",439,1,"turquoise"
"3245","Znf654",10,1,"turquoise"
"3246","Znf655",17,5,"green"
"3247","Znf664",3,2,"blue"
"3248","Znf691",3,4,"yellow"
"3249","Znf692",11,3,"brown"
"3250","ZNF709_containing_gene15731",353,1,"turquoise"
"3251","ZNF709_containing_gene15736",337,1,"turquoise"
"3252","ZNF709_containing_gene18614",59,1,"turquoise"
"3253","ZNF709_containing_gene23820",332,1,"turquoise"
"3254","Znf71",11,1,"turquoise"
"3255","Znf710",5,1,"turquoise"
"3256","ZNF714_containing",10,1,"turquoise"
"3257","ZNF724_containing_gene20909",3,1,"turquoise"
"3258","Znf75a",15,1,"turquoise"
"3259","Znf770",483,1,"turquoise"
"3260","ZNF793_containing_gene22944",11,1,"turquoise"
"3261","Znf8",14,1,"turquoise"
"3262","Znf800",12,1,"turquoise"
"3263","Znf804a",10,2,"blue"
"3264","ZNF805_containing_gene24361",98,1,"turquoise"
"3265","ZNF805_containing_gene24365",24,1,"turquoise"
"3266","ZNF83_containing_gene24424",48,1,"turquoise"
"3267","Znf830",200,1,"turquoise"
"3268","ZNF844_like_gene24025",28,2,"blue"
"3269","Znrf2",15,1,"turquoise"
"3270","ZRSR2_containing",6,2,"blue"
"3271","Zscan2",65,4,"yellow"
"3272","Zscan20",289,1,"turquoise"
"3273","Zscan26",16,4,"yellow"
"3274","Zscan29",17,1,"turquoise"
"3275","Zswim3",211,1,"turquoise"
"3276","Zswim5",4,1,"turquoise"
"3277","ZSWIM9_containing",7,1,"turquoise"
"3278","Zw10",10,1,"turquoise"
